Row,minFlux_FVA_WT,maxFlux_FVA_WT,minFlux_FVA_Mut,maxFlux_FVA_Mut,minFlux_TVA_WT,maxFlux_TVA_WT,minFlux_TVA_Mut,maxFlux_TVA_Mut
PSII_h,8.2e-05,0.000164746782258928,8.2e-05,0.00016474262022092,3.64252751244548,4.05405405405405,3.64263867510787,4.05405405405405
Cytb6f_h,8.2e-05,0.000164746782258928,8.2e-05,0.00016474262022092,7.28505502489097,8.10810810810811,7.28527735021574,8.10810810810811
PSI_h,8.2e-05,0.000164746782258928,8.2e-05,0.00016474262022092,14.5701100497819,16.2162162162162,14.5705547004315,16.2162162162162
Fd-NADPR_h,8.2e-05,0.000164746782258928,8.2e-05,0.00016474262022092,6.70127854628731,8.10810810810811,6.83395341185446,8.10810810810811
ATPase_h,8.2e-05,0.000164746782258928,8.2e-05,0.00016474262022092,3.12226389742292,3.47490347490348,3.12226172152103,3.47490347490348
RBC_h,8.2e-05,0.000164746782258928,8.2e-05,0.00016474262022092,2.95811569025473,3.46726834501358,2.958113623665,3.4671343346164
PGAK_h,8.2e-05,0.000164746782258928,8.2e-05,0.00016474262022092,6.49032509928674,8.32121995851085,6.49061133705826,8.32102973791762
GAPDH1_h,8.2e-05,0.000164746782258928,8.2e-05,0.00016474262022092,0,100,0,100
TPI_h,8.2e-05,0.000164746782258928,8.2e-05,0.00016474262022092,-96.6109144457055,100,-96.6106260413523,100
FBPA_h,8.2e-05,0.000164746782258928,8.2e-05,0.00016474262022092,-1.05821110699343,2.42398370694634,-1.05792526014783,2.42388697765669
FBPase_h,8.2e-05,0.000164746782258928,8.2e-05,0.00016474262022092,0,3.05505239681792,0,3.05476515494562
FTK_h,8.2e-05,0.000164746782258928,8.2e-05,0.00016474262022092,1.00122519477105,1.17094274635732,1.00122449529841,1.17089806561533
SBPA_h,8.2e-05,0.000164746782258928,8.2e-05,0.00016474262022092,0,3.05505239681923,0,3.05476515494441
SBPase_h,8.2e-05,0.000164746782258928,8.2e-05,0.00016474262022092,0,3.05505239681923,0,3.05476515494441
STK_h,8.2e-05,0.000164746782258928,8.2e-05,0.00016474262022092,0.98248227020133,1.15219982178775,0.982481583822891,1.15215515413989
Ru5PE_h,8.2e-05,0.000164746782258928,8.2e-05,0.00016474262022092,1.98370746497255,2.3231425681451,1.98370607912076,2.32305321975521
R5PI_h,8.2e-05,0.000164746782258928,8.2e-05,0.00016474262022092,0.974700615924888,1.14441816751154,0.974699934982916,1.14437350530004
Ru5PK_h,8.2e-05,0.000164746782258928,8.2e-05,0.00016474262022092,2.95840808089735,3.46756073565652,2.95840601410404,3.46742672505525
PGI_h,8.2e-05,0.000164746782258928,8.2e-05,0.00016474262022092,-2.0540363688781,0.434499488102952,-2.05384486218651,0.434404148700282
PGM_h,8.2e-05,0.000164746782258928,8.2e-05,0.00016474262022092,0.0851600340534928,0.794160828304178,0.0851599745592125,0.793970196490701
AGPase_h,8.2e-05,0.000164746782258928,8.2e-05,0.00016474262022092,0.0851599937166716,1.09613061726237,0.0851599745592125,1.09598729770589
StS_h1,8.2e-05,0.000164746782258928,8.2e-05,0.00016474262022092,0.0422064817501208,0.308268545248377,0.0422064522639659,0.308197052996044
StS_h2,8.2e-05,0.000164746782258928,8.2e-05,0.00016474262022092,0.0425800170267464,1.05355060023541,0.0425799872796063,1.05340731042663
StS_h3,8.2e-05,0.000164746782258928,8.2e-05,0.00016474262022092,0.000373535276625523,0.532124126996575,0.000373535015640414,0.531981201464147
bAMY1_h,8.2e-05,0.000164746782258928,8.2e-05,0.00016474262022092,0,0.266062063498038,0,0.265990600732227
bAMY2_h,8.2e-05,0.000164746782258928,8.2e-05,0.00016474262022092,0,0.532124126996664,0,0.53198120146463
DPE11_h,8.2e-05,0.000164746782258928,8.2e-05,0.00016474262022092,0,0.266062063498038,0,0.265990600732227
DPE12_h,8.2e-05,0.000164746782258928,8.2e-05,0.00016474262022092,0,0.531750591719982,0,0.531607666448927
DPE13_h,8.2e-05,0.000164746782258928,8.2e-05,0.00016474262022092,0,0.531750591719969,0,0.531607666449042
DPE2_c,8.2e-05,0.000164746782258928,8.2e-05,0.00016474262022092,0,0.354500394479639,0,0.354405110965608
HEXK_c,8.2e-05,0.000164746782258928,8.2e-05,0.00016474262022092,0,0.529105553496736,0,0.528962630073621
StP1_h,8.2e-05,0.000164746782258928,8.2e-05,0.00016474262022092,0,1.01030932365308,0,1.01016606405322
StP21_c,8.2e-05,0.000164746782258928,8.2e-05,0.00016474262022092,0,0.354500394479639,0,0.354405110965608
TPI_c,8.2e-05,0.000164746782258928,8.2e-05,0.00016474262022092,-97.8136473185706,98.8059486145494,-97.8136488459936,98.8056586767117
FBPA_c,8.2e-05,0.000164746782258928,8.2e-05,0.00016474262022092,-0.223193829375596,2.2566815853351,-0.223105948044397,2.256489937072
FBPase_c,8.2e-05,0.000164746782258928,8.2e-05,0.00016474262022092,0,2.37595010746551,0,2.37575837588104
F6PK2_c,8.2e-05,0.000164746782258928,8.2e-05,0.00016474262022092,0,0.757899941165368,0,0.757709339976621
F26BPPh_c,8.2e-05,0.000164746782258928,8.2e-05,0.00016474262022092,0,0.75789994116534,0,0.757709339976621
PGI_c,8.2e-05,0.000164746782258928,8.2e-05,0.00016474262022092,-0.229306375368526,2.25056903934217,-0.22921848976753,2.25037739534935
PGM_c,8.2e-05,0.000164746782258928,8.2e-05,0.00016474262022092,-0.245855439600888,0.488035765165736,-0.245760231988059,0.487940388361746
UGPase_c,8.2e-05,0.000164746782258928,8.2e-05,0.00016474262022092,0.10864495487844,0.488035765165249,0.108644878977236,0.487940388361749
S6PS_c,8.2e-05,0.000164746782258928,8.2e-05,0.00016474262022092,0.00611254599294307,0.764012487159273,0.00611254172261607,0.763821881699292
S6PPh_c,8.2e-05,0.000164746782258928,8.2e-05,0.00016474262022092,0.00611254599294307,0.764012487159273,0.00611254172261607,0.763821881699292
SucS_c,8.2e-05,0.000164746782258928,8.2e-05,0.00016474262022092,-0.377668134722474,0.759622616731292,-0.377572835023195,0.759432014337982
FrcFD_c,8.2e-05,0.000164746782258928,8.2e-05,0.00016474262022092,0,0.379390810287385,0,0.37929550938449
FrcK_c,8.2e-05,0.000164746782258928,8.2e-05,0.00016474262022092,0,0.757899941166398,0,0.757709339976676
TPS_c,8.2e-05,0.000164746782258928,8.2e-05,0.00016474262022092,8.26433093550349e-05,0.028682943498363,8.26432516305431e-05,0.0286752178502049
TPP_c,8.2e-05,0.000164746782258928,8.2e-05,0.00016474262022092,8.26433093550349e-05,0.028682943498363,8.26432516305431e-05,0.0286752178502049
CeS_c1,8.2e-05,0.000164746782258928,8.2e-05,0.00016474262022092,0.0520862205705015,0.0705715849891783,0.0520861841822011,0.070566899791396
CeS_c2,8.2e-05,0.000164746782258928,8.2e-05,0.00016474262022092,0.0520862205705015,0.0705715849891783,0.0520861841822011,0.070566899791396
CeS_c3,8.2e-05,0.000164746782258928,8.2e-05,0.00016474262022092,0,0.0184853644186704,0,0.0184807156091713
MalDH1_c,8.2e-05,0.000164746782258928,8.2e-05,0.00016474262022092,-0.597527528161691,0,-0.597432074863527,0
PEPC1_c,8.2e-05,0.000164746782258928,8.2e-05,0.00016474262022092,0,0.757899941166367,0,0.75770933997655
PEPC2_c,8.2e-05,0.000164746782258928,8.2e-05,0.00016474262022092,-1.03221035057099,-0.115254535980028,-1.03201955774374,-0.11529518511278
Enol_c,8.2e-05,0.000164746782258928,8.2e-05,0.00016474262022092,-98.6501229774855,-0.115254535980208,-98.649548040946,-0.115295185112768
PGAM_c,8.2e-05,0.000164746782258928,8.2e-05,0.00016474262022092,-98.6501229774833,-0.115254535979969,-98.6495480409435,-0.115295185112672
PGAK_c,8.2e-05,0.000164746782258928,8.2e-05,0.00016474262022092,-2.61550695925871,-1.11012797344769,-2.6154157606258,-1.11041796991543
GAPDH2_c,8.2e-05,0.000164746782258928,8.2e-05,0.00016474262022092,1.11012797344743,2.6155069592586,1.11041796991597,2.61541576062584
GAPDH3_c,8.2e-05,0.000164746782258928,8.2e-05,0.00016474262022092,0,0.516308548594468,0,0.516213152038957
F6PK1_c,8.2e-05,0.000164746782258928,8.2e-05,0.00016474262022092,0,0.75789994116635,0,0.757709339976635
F6PK1_h,8.2e-05,0.000164746782258928,8.2e-05,0.00016474262022092,0,1.05821110699271,0,1.0579252601471
GAPDH2_h,8.2e-05,0.000164746782258928,8.2e-05,0.00016474262022092,-8.32121995851032,93.507952225149,-8.32102973791743,93.5093886629419
PGAM_h,8.2e-05,0.000164746782258928,8.2e-05,0.00016474262022092,-98.1123414107055,0.579027427877055,-98.1117668498759,0.578945564055058
Enol_h,8.2e-05,0.000164746782258928,8.2e-05,0.00016474262022092,-98.1123414107081,0.57902742787688,-98.1117668498732,0.578945564055283
PyrK_c,8.2e-05,0.000164746782258928,8.2e-05,0.00016474262022092,0,1.12084594098781,0,1.12056005038351
PyrK_h,8.2e-05,0.000164746782258928,8.2e-05,0.00016474262022092,0,1.1208459409878,0,1.12056005038367
PyrDH1_m,8.2e-05,0.000164746782258928,8.2e-05,0.00016474262022092,0.0044541674838523,0.404943881630706,0.00445416437206347,0.404862139426588
PyrDH2_m,8.2e-05,0.000164746782258928,8.2e-05,0.00016474262022092,0.0044541674838523,0.404943881630706,0.00445416437206347,0.404862139426588
DHLAcT_m,8.2e-05,0.000164746782258928,8.2e-05,0.00016474262022092,0.0044541674838523,0.404943881630706,0.00445416437206347,0.404862139426588
DHLDH2_m,8.2e-05,0.000164746782258928,8.2e-05,0.00016474262022092,0.00445416748382854,0.40494388163072,0.00445416437206347,0.404862139426606
CitS_m,8.2e-05,0.000164746782258928,8.2e-05,0.00016474262022092,0.00445416748380012,0.404943881630704,0.00445416437203505,0.404862139426642
cACNDHA_m,8.2e-05,0.000164746782258928,8.2e-05,0.00016474262022092,0,0.249316698862178,0,0.249275795033612
cACNHA_m,8.2e-05,0.000164746782258928,8.2e-05,0.00016474262022092,0,0.249316698862312,0,0.249275795033629
iCitDHNAD_m,8.2e-05,0.000164746782258928,8.2e-05,0.00016474262022092,0,0.151173015284506,0,0.151132180021029
KGDH_m,8.2e-05,0.000164746782258928,8.2e-05,0.00016474262022092,0,0.15117301528484,0,0.151132180021154
DHLST_m,8.2e-05,0.000164746782258928,8.2e-05,0.00016474262022092,0,0.15117301528484,0,0.151132180021154
SCACoAL_m,8.2e-05,0.000164746782258928,8.2e-05,0.00016474262022092,0,0.15117301528484,0,0.151132180021154
cplx2_m,8.2e-05,0.000164746782258928,8.2e-05,0.00016474262022092,0.00962004850998865,0.198781793807576,0.0328769300749313,0.198740925283641
FumHA_m,8.2e-05,0.000164746782258928,8.2e-05,0.00016474262022092,0,0.189161745297667,0,0.189120883494359
MalDH1_m,8.2e-05,0.000164746782258928,8.2e-05,0.00016474262022092,-0.583324349232615,100,-0.581474807517831,100
cplx1_m,8.2e-05,0.000164746782258928,8.2e-05,0.00016474262022092,1.11710833931846,2.34712698806299,1.14460194046051,2.34713101277833
cplx3_m,8.2e-05,0.000164746782258928,8.2e-05,0.00016474262022092,1.12704414321338,2.39505152197097,1.17779462570011,2.39505551320728
cplx4_m,8.2e-05,0.000164746782258928,8.2e-05,0.00016474262022092,0.56352207160669,1.19752576098548,0.588897312850054,1.1975277566039
cplx5_m,8.2e-05,0.000164746782258928,8.2e-05,0.00016474262022092,2.80767455413767,5.9397042710185,2.9112938790104,5.93971428259131
RBO_h,8.2e-05,0.000164746782258928,8.2e-05,0.00016474262022092,0.000292390643018642,0.125461018741734,0.000292390438750165,0.125427389026056
PGP_h,8.2e-05,0.000164746782258928,8.2e-05,0.00016474262022092,0.000292390643018642,0.125461018741734,0.000292390438750165,0.125427389026056
GCAO_x,8.2e-05,0.000164746782258928,8.2e-05,0.00016474262022092,0,0.125168628098545,0,0.125134998587653
CAT_x,8.2e-05,0.000164746782258928,8.2e-05,0.00016474262022092,0,0.0625843140492752,0,0.0625674992938267
GGAT_x,8.2e-05,0.000164746782258928,8.2e-05,0.00016474262022092,0,0.125168628098545,0,0.125134998587653
GlyDH_m,8.2e-05,0.000164746782258928,8.2e-05,0.00016474262022092,0,0.11789376565576,0,0.11787586407055
AMT_m,8.2e-05,0.000164746782258928,8.2e-05,0.00016474262022092,0,0.11789376565576,0,0.11787586407055
DHLDH1_m,8.2e-05,0.000164746782258928,8.2e-05,0.00016474262022092,0,0.11789376565576,0,0.11787586407055
GlyHMT_m,8.2e-05,0.000164746782258928,8.2e-05,0.00016474262022092,0,0.117893765655764,0,0.117875864070549
SGAT_x,8.2e-05,0.000164746782258928,8.2e-05,0.00016474262022092,0,0,0,0
GCEADH_x,8.2e-05,0.000164746782258928,8.2e-05,0.00016474262022092,0,0,0,0
MalDH1_x,8.2e-05,0.000164746782258928,8.2e-05,0.00016474262022092,0,0,0,0
GCEAK_h,8.2e-05,0.000164746782258928,8.2e-05,0.00016474262022092,0,0.106084262278007,0.000292390438745068,0.106084916453469
G6PDH_h,8.2e-05,0.000164746782258928,8.2e-05,0.00016474262022092,0,0.352737035663939,0,0.352641753382117
6PGL_h,8.2e-05,0.000164746782258928,8.2e-05,0.00016474262022092,0,0.352737035663939,0,0.352641753382117
6PGDHNAD_h,8.2e-05,0.000164746782258928,8.2e-05,0.00016474262022092,-100,8.57262437967571,-100,8.57243398344876
6PGDHNADP_h,8.2e-05,0.000164746782258928,8.2e-05,0.00016474262022092,-8.25958300609567,100,-8.25948786441983,100
TA_h,8.2e-05,0.000164746782258928,8.2e-05,0.00016474262022092,-1.15215483861191,2.07257012661724,-1.15215515413989,2.07228357112372
DAHPS_h,8.2e-05,0.000164746782258928,8.2e-05,0.00016474262022092,0.0187429245697177,0.0540166281360357,0.0187429114755948,0.054007086813709
DHQS_h,8.2e-05,0.000164746782258928,8.2e-05,0.00016474262022092,0.0187429245697177,0.0540166281360357,0.0187429114755948,0.054007086813709
DHQDH_h,8.2e-05,0.000164746782258928,8.2e-05,0.00016474262022092,0.0187429245697177,0.0540166281360357,0.0187429114755948,0.054007086813709
SADH_h,8.2e-05,0.000164746782258928,8.2e-05,0.00016474262022092,0.0187429245697177,0.0540166281360357,0.0187429114755948,0.054007086813709
SAK_h,8.2e-05,0.000164746782258928,8.2e-05,0.00016474262022092,0.0186886401566682,0.0539623437231023,0.0186886271006443,0.0539528024387148
EPSPS_h,8.2e-05,0.000164746782258928,8.2e-05,0.00016474262022092,0.0186886401566682,0.0539623437231023,0.0186886271006443,0.0539528024387148
CHRS_h,8.2e-05,0.000164746782258928,8.2e-05,0.00016474262022092,0.0186886401566682,0.0539623437231023,0.0186886271006443,0.0539528024387148
R5PDPK_h,8.2e-05,0.000164746782258928,8.2e-05,0.00016474262022092,0.00778165427630557,0.121466645450984,0.00778164883986198,0.121438049836354
PyrPiDK_h,8.2e-05,0.000164746782258928,8.2e-05,0.00016474262022092,-0.281230108355947,0.894806348341827,-0.281206152920389,0.894520615654386
MalDH2NADP_c,8.2e-05,0.000164746782258928,8.2e-05,0.00016474262022092,0,0.48210896160802,0,0.481994581773719
MalDH2NADP_h,8.2e-05,0.000164746782258928,8.2e-05,0.00016474262022092,0,0.401735659196882,0,0.401640342683179
MalDH1_h,8.2e-05,0.000164746782258928,8.2e-05,0.00016474262022092,0.0755892289087488,100,0.085576778763402,100
MalDH3_c,8.2e-05,0.000164746782258928,8.2e-05,0.00016474262022092,0,0.591460213610639,0,0.591345757382561
MalDH3_h,8.2e-05,0.000164746782258928,8.2e-05,0.00016474262022092,0,99.9244107710912,0,99.9070724590709
MalDH3_m,8.2e-05,0.000164746782258928,8.2e-05,0.00016474262022092,0,100,0,100
CitS_c,8.2e-05,0.000164746782258928,8.2e-05,0.00016474262022092,0,0.757899941166288,0,0.757709339976654
CitS_h,8.2e-05,0.000164746782258928,8.2e-05,0.00016474262022092,0,0.129136329001877,0,0.12910569154638
cACNDHA_c,8.2e-05,0.000164746782258928,8.2e-05,0.00016474262022092,0,0.249316698862185,0,0.249275795033559
cACNDHA_h,8.2e-05,0.000164746782258928,8.2e-05,0.00016474262022092,0,0.129136329001877,0,0.12910569154638
cACNHA_c,8.2e-05,0.000164746782258928,8.2e-05,0.00016474262022092,0,0.24931669886218,0,0.249275795033621
cACNHA_h,8.2e-05,0.000164746782258928,8.2e-05,0.00016474262022092,0,0.129136329001877,0,0.12910569154638
iCitDHNAD_c,8.2e-05,0.000164746782258928,8.2e-05,0.00016474262022092,0,0.236113634329137,0,0.236072739724435
iCitDHNADP_c,8.2e-05,0.000164746782258928,8.2e-05,0.00016474262022092,0,0.249316698862202,0,0.249275795033632
iCitDHNADP_h,8.2e-05,0.000164746782258928,8.2e-05,0.00016474262022092,0,0.129136329001877,0,0.12910569154638
iCitDHNADP_m,8.2e-05,0.000164746782258928,8.2e-05,0.00016474262022092,0,0.151173015284643,0,0.151132180020999
iCitL_c,8.2e-05,0.000164746782258928,8.2e-05,0.00016474262022092,0,0.151173015284865,0,0.151132180021005
MalS_c,8.2e-05,0.000164746782258928,8.2e-05,0.00016474262022092,0,0.151173015284865,0,0.151132180021005
ATPCitL_c,8.2e-05,0.000164746782258928,8.2e-05,0.00016474262022092,0.00445416748380012,0.762354108648915,0.00445416437206347,0.762163504348845
ACoAS_h,8.2e-05,0.000164746782258928,8.2e-05,0.00016474262022092,0.139183104842502,0.268319433844453,0.13918300760686,0.268288699153345
ACoAC_h,8.2e-05,0.000164746782258928,8.2e-05,0.00016474262022092,0.111644955963115,0.191705380319308,0.111644877966086,0.191684881564836
ACPM_h,8.2e-05,0.000164746782258928,8.2e-05,0.00016474262022092,0.111644955963115,0.191705380319308,0.111644877966086,0.191684881564836
PPiase_h,8.2e-05,0.000164746782258928,8.2e-05,0.00016474262022092,0.0842594973824593,1.14511564259745,0.0842594385173725,1.14482973503843
PPIase_c,8.2e-05,0.000164746782258928,8.2e-05,0.00016474262022092,0,2.37595010746637,0,2.37575837588018
PPIF6PK_c,8.2e-05,0.000164746782258928,8.2e-05,0.00016474262022092,-2.25668158533504,0.498659332418447,-2.25648993707196,0.498563948192626
ForDH_h,8.2e-05,0.000164746782258928,8.2e-05,0.00016474262022092,0.00534337032972645,0.0520452845375931,0.00534336659677251,0.0520333686961002
ForTHFL_h,8.2e-05,0.000164746782258928,8.2e-05,0.00016474262022092,0.00534337032972645,0.0520452845375931,0.00534336659677251,0.0520333686961002
DHFR_c,8.2e-05,0.000164746782258928,8.2e-05,0.00016474262022092,9.91688221855247e-05,0.000111166553263573,9.9168752904535e-05,0.000110452822144734
TRXR_c,8.2e-05,0.000164746782258928,8.2e-05,0.00016474262022092,0.000307577796833252,0.000344789448748191,0.000307577581954267,0.000344777938610095
ADNK_c,8.2e-05,0.000164746782258928,8.2e-05,0.00016474262022092,0,0.252633313722354,0,0.252569779992192
ADNN_c,8.2e-05,0.000164746782258928,8.2e-05,0.00016474262022092,0,0.113684991175064,0,0.113656400996478
ADPRPPT_c,8.2e-05,0.000164746782258928,8.2e-05,0.00016474262022092,0,0.113684991175064,0,0.113656400996478
RibK_h,8.2e-05,0.000164746782258928,8.2e-05,0.00016474262022092,0,0.113684991175064,0,0.113656400996478
NO3R1_c,8.2e-05,0.000164746782258928,8.2e-05,0.00016474262022092,0,0.284212477937397,0,0.28414100249119
NO3R2_c,8.2e-05,0.000164746782258928,8.2e-05,0.00016474262022092,0,0.228514428719233,0,0.228457247562344
NO2R_h,8.2e-05,0.000164746782258928,8.2e-05,0.00016474262022092,0,0.284212477937005,0,0.28414100249143
ATPSL_h,8.2e-05,0.000164746782258928,8.2e-05,0.00016474262022092,0,0.0909175939202747,0,0.0830284231339162
APSR_h,8.2e-05,0.000164746782258928,8.2e-05,0.00016474262022092,0,0.0909175939202747,0,0.0830284231339162
GSSGR_h,8.2e-05,0.000164746782258928,8.2e-05,0.00016474262022092,0,0.0909175939202747,0,0.0830284231339162
SO3R_h,8.2e-05,0.000164746782258928,8.2e-05,0.00016474262022092,0,0.0909175939202747,0,0.0830284231339162
HCO3DHA_c,8.2e-05,0.000164746782258928,8.2e-05,0.00016474262022092,0.115254535979973,1.03221035057109,0.115295185112786,1.03201955774365
HCO3DHA_h,8.2e-05,0.000164746782258928,8.2e-05,0.00016474262022092,0.123057340549525,0.203117764905814,0.123057254579642,0.203097258178366
AlaTA_h,8.2e-05,0.000164746782258928,8.2e-05,0.00016474262022092,0,1.05821110699363,0,0
AlaTA_m,8.2e-05,0.000164746782258928,8.2e-05,0.00016474262022092,-1.07294293247298,0,-0.165863995208708,0
AlaTA_x,8.2e-05,0.000164746782258928,8.2e-05,0.00016474262022092,0,0,0,0
AGluK,8.2e-05,0.000164746782258928,8.2e-05,0.00016474262022092,0.011323726534296,0.0869102341767744,0.0113237186233474,0.0868898086339793
AGluPR_h,8.2e-05,0.000164746782258928,8.2e-05,0.00016474262022092,0.011323726534296,0.0869102341767744,0.0113237186233474,0.0868898086339793
AOrnTA_h,8.2e-05,0.000164746782258928,8.2e-05,0.00016474262022092,0.011323726534296,0.0869102341767744,0.0113237186233474,0.0868898086339793
AOrnAGluAcT_h,8.2e-05,0.000164746782258928,8.2e-05,0.00016474262022092,0.011323726534296,0.0869102341767744,0.0113237186233474,0.0868898086339793
CBPS_h,8.2e-05,0.000164746782258928,8.2e-05,0.00016474262022092,0.0114123845864102,0.0869988922289917,0.0114123766135237,0.0869784666240545
OrnCMT_h,8.2e-05,0.000164746782258928,8.2e-05,0.00016474262022092,0.0110966292015058,0.0866831368439871,0.0110966214492148,0.0866627114597422
ArgSCAS_h,8.2e-05,0.000164746782258928,8.2e-05,0.00016474262022092,0.0110966292015058,0.0866831368439482,0.0110966214492148,0.0866627114597351
ArgSCAL_h,8.2e-05,0.000164746782258928,8.2e-05,0.00016474262022092,0.0110966292015058,0.0866831368439482,0.0110966214492148,0.0866627114597351
FumHA_c,8.2e-05,0.000164746782258928,8.2e-05,0.00016474262022092,0.0164399995312006,0.205601744828625,0.0164399880459704,0.205560871540309
AsnS_c,8.2e-05,0.000164746782258928,8.2e-05,0.00016474262022092,0.0100975392103066,0.262730852932365,0.0100975321559957,0.26266731214807
AspAT_c,8.2e-05,0.000164746782258928,8.2e-05,0.00016474262022092,0.0245601255101915,0.1497287536089,0.0245601083520755,0.149695106939727
AspAT_h,8.2e-05,0.000164746782258928,8.2e-05,0.00016474262022092,0.0756101099656165,0.329001273980799,0.0855767787633623,0.328969365516959
AspAT_m,8.2e-05,0.000164746782258928,8.2e-05,0.00016474262022092,0,0.118214815426511,0,0.118183054221706
AspAT_x,8.2e-05,0.000164746782258928,8.2e-05,0.00016474262022092,-0.125168628098941,0,-0.125134998587715,0
Asnase_c,8.2e-05,0.000164746782258928,8.2e-05,0.00016474262022092,0,0.252633313722036,0,0.252569779991992
SerAcT_c,8.2e-05,0.000164746782258928,8.2e-05,0.00016474262022092,0.0044541674838523,0.124204607712215,0.00445416437206347,0.112552317834314
SerAcT_h,8.2e-05,0.000164746782258928,8.2e-05,0.00016474262022092,0.00481164674681622,0.106706732291028,0.00481164338535223,0.106680738874688
SerAcT_m,8.2e-05,0.000164746782258928,8.2e-05,0.00016474262022092,0,0.130636843885538,0,0.117925258322618
CysS_c,8.2e-05,0.000164746782258928,8.2e-05,0.00016474262022092,0.0044541674838523,0.124204607712215,0.00445416437206347,0.112552317834314
CysS_h,8.2e-05,0.000164746782258928,8.2e-05,0.00016474262022092,0.00481164674681622,0.106706732291028,0.00481164338535223,0.106680738874688
CysS_m,8.2e-05,0.000164746782258928,8.2e-05,0.00016474262022092,0,0.130636843885538,0,0.117925258322618
GluSNADP_h,8.2e-05,0.000164746782258928,8.2e-05,0.00016474262022092,0,1.36817141899798,0,0.941942835955531
GluDH3NADP_c,8.2e-05,0.000164746782258928,8.2e-05,0.00016474262022092,-0.217183333211486,0.527555553201376,-0.217149639417311,0.52744114161754
Glnase_c,8.2e-05,0.000164746782258928,8.2e-05,0.00016474262022092,0,0.757899941166261,0,0.757709339976225
GluSNAD_h,8.2e-05,0.000164746782258928,8.2e-05,0.00016474262022092,0,1.36817141899782,0,0.941942835955616
GluSFd_h,8.2e-05,0.000164746782258928,8.2e-05,0.00016474262022092,0,1.36817141899788,0,0.941942835954835
GluDH1NAD_m,8.2e-05,0.000164746782258928,8.2e-05,0.00016474262022092,0,100,0,100
GluDH1NADP_m,8.2e-05,0.000164746782258928,8.2e-05,0.00016474262022092,-100,2.73132729561077,-100,2.73123601606652
GluDH2NAD_m,8.2e-05,0.000164746782258928,8.2e-05,0.00016474262022092,0,100,0,100
GluDC_c,8.2e-05,0.000164746782258928,8.2e-05,0.00016474262022092,1.34565912352047e-05,0.198936542459829,0.0330316786189258,0.19889567382762
GABATA1_m,8.2e-05,0.000164746782258928,8.2e-05,0.00016474262022092,-1.02519286188891,0.198923085868544,0.0330182220371142,0.198882217245815
GABATA2_m,8.2e-05,0.000164746782258928,8.2e-05,0.00016474262022092,0,1.07294293247347,0,0.165863995208724
SCASeADH_m,8.2e-05,0.000164746782258928,8.2e-05,0.00016474262022092,0,0.19892308586828,0.0330182220370916,0.198882217245796
GlnS_c,8.2e-05,0.000164746782258928,8.2e-05,0.00016474262022092,0.0176754465817042,0.77557538774702,0.0176754342333112,0.775384774209267
GlnS_h,8.2e-05,0.000164746782258928,8.2e-05,0.00016474262022092,0.282275415790405,1.38734209311838,0.282285050553352,0.961113496682896
GlnS_m,8.2e-05,0.000164746782258928,8.2e-05,0.00016474262022092,0,0,0,0
ThrA_c,8.2e-05,0.000164746782258928,8.2e-05,0.00016474262022092,0.00677081569730691,0.256178842795483,0.016758413629605,0.256148652502107
ACDOxRed_c,8.2e-05,0.000164746782258928,8.2e-05,0.00016474262022092,0.00677081569730691,0.256178842795483,0.016758413629605,0.256148652502107
GCAO_h,8.2e-05,0.000164746782258928,8.2e-05,0.00016474262022092,0.000292390643020259,0.117871402531171,0.000292390438745068,0.106084916453469
CAT_h,8.2e-05,0.000164746782258928,8.2e-05,0.00016474262022092,0.000146195321508273,0.0589357012655907,0.000146195219372534,0.0530424582267347
SGAT_h,8.2e-05,0.000164746782258928,8.2e-05,0.00016474262022092,0,0.106084262278007,0.000292390438745068,0.106084916453469
GCEADH_h,8.2e-05,0.000164746782258928,8.2e-05,0.00016474262022092,0,0.106084262278007,0.000292390438745068,0.106084916453469
GGAT_h,8.2e-05,0.000164746782258928,8.2e-05,0.00016474262022092,0,0.117871402531004,0,0
ATPPRT_h,8.2e-05,0.000164746782258928,8.2e-05,0.00016474262022092,0.0047585890436892,0.0514605032515527,0.0047585857192729,0.051448587818596
PrATPDP_h,8.2e-05,0.000164746782258928,8.2e-05,0.00016474262022092,0.0047585890436892,0.0514605032515527,0.0047585857192729,0.051448587818596
PrAMPCy_h,8.2e-05,0.000164746782258928,8.2e-05,0.00016474262022092,0.0047585890436892,0.0514605032515527,0.0047585857192729,0.051448587818596
PAICARPI_h,8.2e-05,0.000164746782258928,8.2e-05,0.00016474262022092,0.0047585890436892,0.0514605032515527,0.0047585857192729,0.051448587818596
IGPS_h,8.2e-05,0.000164746782258928,8.2e-05,0.00016474262022092,0.0047585890436892,0.0514605032515527,0.0047585857192729,0.051448587818596
IGPDA_h,8.2e-05,0.000164746782258928,8.2e-05,0.00016474262022092,0.0047585890436892,0.0514605032515527,0.0047585857192729,0.051448587818596
HisolPTA_h,8.2e-05,0.000164746782258928,8.2e-05,0.00016474262022092,0.0047585890436892,0.0514605032515527,0.0047585857192729,0.051448587818596
HisolPP_h,8.2e-05,0.000164746782258928,8.2e-05,0.00016474262022092,0.0047585890436892,0.0514605032515527,0.0047585857192729,0.051448587818596
HisolPDH_h,8.2e-05,0.000164746782258928,8.2e-05,0.00016474262022092,0.0047585890436892,0.0514605032515527,0.0047585857192729,0.051448587818596
HisalPDH_h,8.2e-05,0.000164746782258928,8.2e-05,0.00016474262022092,0.0047585890436892,0.0514605032515527,0.0047585857192729,0.051448587818596
ThrDA_h,8.2e-05,0.000164746782258928,8.2e-05,0.00016474262022092,0.0128578165829083,0.0685531380036139,0.012857807600227,0.0685380844500905
ALS1_h,8.2e-05,0.000164746782258928,8.2e-05,0.00016474262022092,0.056521238785416,0.127068645918155,0.0565211992985297,0.127049549975019
ALS2_h,8.2e-05,0.000164746782258928,8.2e-05,0.00016474262022092,0.0128578165829083,0.0685531380036139,0.012857807600227,0.0685380844500905
KARI1_h,8.2e-05,0.000164746782258928,8.2e-05,0.00016474262022092,0.0128578165829083,0.0685531380036139,0.012857807600227,0.0685380844500905
KARI2_h,8.2e-05,0.000164746782258928,8.2e-05,0.00016474262022092,0.0128578165829083,0.0685531380036139,0.012857807600227,0.0685380844500905
DHADA1_h,8.2e-05,0.000164746782258928,8.2e-05,0.00016474262022092,0.0128578165829083,0.0685531380036139,0.012857807600227,0.0685380844500905
BAATA1_h,8.2e-05,0.000164746782258928,8.2e-05,0.00016474262022092,0.0128578165829083,0.0685531380036139,0.012857807600227,0.0685380844500905
ALS3_h,8.2e-05,0.000164746782258928,8.2e-05,0.00016474262022092,0.0436634222023145,0.11421082933523,0.0436633916983027,0.114191742374781
KARI3_h,8.2e-05,0.000164746782258928,8.2e-05,0.00016474262022092,0.0436634222023145,0.11421082933523,0.0436633916983027,0.114191742374781
KARI4_h,8.2e-05,0.000164746782258928,8.2e-05,0.00016474262022092,0.0436634222023145,0.11421082933523,0.0436633916983027,0.114191742374781
DHADA2_h,8.2e-05,0.000164746782258928,8.2e-05,0.00016474262022092,0.0436634222023145,0.11421082933523,0.0436633916983027,0.114191742374781
2IPMS_h,8.2e-05,0.000164746782258928,8.2e-05,0.00016474262022092,0.0227265021326559,0.0619195060952812,0.0227264862555359,0.061908903297917
3IPMDA1_h,8.2e-05,0.000164746782258928,8.2e-05,0.00016474262022092,0.0227265021326559,0.0619195060952812,0.0227264862555359,0.061908903297917
3IPMDA2_h,8.2e-05,0.000164746782258928,8.2e-05,0.00016474262022092,0.0227265021326559,0.0619195060952812,0.0227264862555359,0.061908903297917
3IPMDH_h,8.2e-05,0.000164746782258928,8.2e-05,0.00016474262022092,0.0227265021326559,0.0619195060952812,0.0227264862555359,0.061908903297917
IPODC_h,8.2e-05,0.000164746782258928,8.2e-05,0.00016474262022092,0.0227265021326559,0.0619195060952812,0.0227264862555359,0.061908903297917
BAATA2_h,8.2e-05,0.000164746782258928,8.2e-05,0.00016474262022092,0.0227265021326559,0.0619195060952812,0.0227264862555359,0.061908903297917
AspK_h,8.2e-05,0.000164746782258928,8.2e-05,0.00016474262022092,0.0588334739926232,0.308241501090735,0.068821035553019,0.308211274425565
Asp-SeADH_h,8.2e-05,0.000164746782258928,8.2e-05,0.00016474262022092,0.0588334739926232,0.308241501090735,0.068821035553019,0.308211274425565
DHDS_h,8.2e-05,0.000164746782258928,8.2e-05,0.00016474262022092,0.0148283762711827,0.0736178822152543,0.0148283659118249,0.073601991475568
DHDRNAD_h,8.2e-05,0.000164746782258928,8.2e-05,0.00016474262022092,0,0.0736178822151654,0,0.0736019914755569
DHDRNADP_h,8.2e-05,0.000164746782258928,8.2e-05,0.00016474262022092,0,0.0736178822152516,0,0.0736019914756117
DAPAT_h,8.2e-05,0.000164746782258928,8.2e-05,0.00016474262022092,0.0148283762711827,0.0736178822152601,0.0148283659118249,0.0736019914755577
DAPE_h,8.2e-05,0.000164746782258928,8.2e-05,0.00016474262022092,0.0148283762711827,0.0736178822152601,0.0148283659118249,0.0736019914755577
DAPDC_h,8.2e-05,0.000164746782258928,8.2e-05,0.00016474262022092,0.0148283762711827,0.0736178822152601,0.0148283659118249,0.0736019914755577
HSerDHNADP_h,8.2e-05,0.000164746782258928,8.2e-05,0.00016474262022092,0,0.293413124819594,0,0.293382908513891
HSerDHNAD_h,8.2e-05,0.000164746782258928,8.2e-05,0.00016474262022092,0,0.293413124819552,0,0.293382908513781
HSerK_h,8.2e-05,0.000164746782258928,8.2e-05,0.00016474262022092,0.0440050977214361,0.293413124819441,0.0539926696413,0.293382908513912
CTHS_h,8.2e-05,0.000164746782258928,8.2e-05,0.00016474262022092,0.00481164674684464,0.0544906038672199,0.00481164338537746,0.054477606364558
CTHL_h,8.2e-05,0.000164746782258928,8.2e-05,0.00016474262022092,0.00481164674684464,0.0544906038672199,0.00481164338537746,0.054477606364558
5M-THFOR_c,8.2e-05,0.000164746782258928,8.2e-05,0.00016474262022092,0.00481164674684464,0.0544906038672199,0.00481164338537746,0.054477606364558
MetS_c,8.2e-05,0.000164746782258928,8.2e-05,0.00016474262022092,0.00481164674684464,0.0544906038672199,0.00481164338537746,0.054477606364558
GlyHMT_c,8.2e-05,0.000164746782258928,8.2e-05,0.00016474262022092,-0.0545897726894568,-0.00491081556903017,-0.0545767751174523,-0.00491081213823463
MetAdT_h,8.2e-05,0.000164746782258928,8.2e-05,0.00016474262022092,0,0.252633313721778,1.9999999056788e-10,0.252569779992204
HCysMT_c,8.2e-05,0.000164746782258928,8.2e-05,0.00016474262022092,0,0.252633313721778,1.9999999056788e-10,0.252569779992204
Cysase_c,8.2e-05,0.000164746782258928,8.2e-05,0.00016474262022092,0,0.252633313721778,1.9999999056788e-10,0.252569779992204
CHRM_c,8.2e-05,0.000164746782258928,8.2e-05,0.00016474262022092,0.0162737209521566,0.0515474245185061,0.0162737095830607,0.0515378849212177
GPAT_h,8.2e-05,0.000164746782258928,8.2e-05,0.00016474262022092,0.0162737209521566,0.0515474245185061,0.0162737095830607,0.0515378849212177
AGNDA_h,8.2e-05,0.000164746782258928,8.2e-05,0.00016474262022092,0.00954195991531037,0.0448156634815636,0.00954195324914053,0.044806128587194
Arginase_m,8.2e-05,0.000164746782258928,8.2e-05,0.00016474262022092,0.000406579145192154,0.0759930867876027,0.00040657886114559,0.0759726688716836
Urease_m,8.2e-05,0.000164746782258928,8.2e-05,0.00016474262022092,0,0.0755865076423822,0,0.0755660900105095
OrnAT_m,8.2e-05,0.000164746782258928,8.2e-05,0.00016474262022092,0.000406579145220853,0.0759930867876727,0.000406578861177853,0.0759726688717172
GluK_c,8.2e-05,0.000164746782258928,8.2e-05,0.00016474262022092,0,0.457028857437392,0,0.456914495124588
GluK_h,8.2e-05,0.000164746782258928,8.2e-05,0.00016474262022092,0,1.05821110699347,0,1.05792526014731
GluK_m,8.2e-05,0.000164746782258928,8.2e-05,0.00016474262022092,0,5.93970427101402,0,5.93971428259263
GluSeADH_c,8.2e-05,0.000164746782258928,8.2e-05,0.00016474262022092,0,0.457028857437392,0,0.456914495124588
GluSeADH_h,8.2e-05,0.000164746782258928,8.2e-05,0.00016474262022092,0,1.05821110699347,0,1.05792526014731
GluSeADH_m,8.2e-05,0.000164746782258928,8.2e-05,0.00016474262022092,0,5.93970427101402,0,5.93971428259263
GluSeADA_c,8.2e-05,0.000164746782258928,8.2e-05,0.00016474262022092,0,0.457028857437392,0,0.456914495124588
GluSeADA_h,8.2e-05,0.000164746782258928,8.2e-05,0.00016474262022092,0,1.05821110699347,0,1.05792526014731
GluSeADA_m,8.2e-05,0.000164746782258928,8.2e-05,0.00016474262022092,0.000406579145106889,5.94011085016355,0.000406578861060325,5.94012086144437
P5CRNAD_c,8.2e-05,0.000164746782258928,8.2e-05,0.00016474262022092,1.00438686750751,2.76184951409329,1.0046769378479,2.76175821322479
ProDHNAD_m,8.2e-05,0.000164746782258928,8.2e-05,0.00016474262022092,0,2.7463851152797,0,2.74629382521568
ProDHNADP_m,8.2e-05,0.000164746782258928,8.2e-05,0.00016474262022092,0,2.7463851152777,0,2.74629382521575
P5CDHNAD_h,8.2e-05,0.000164746782258928,8.2e-05,0.00016474262022092,0,1.05821110699325,0,1.05792526014706
P5CDHNAD_m,8.2e-05,0.000164746782258928,8.2e-05,0.00016474262022092,0,6.98285755834464,0,6.98258173359034
P5CDHNADP_m,8.2e-05,0.000164746782258928,8.2e-05,0.00016474262022092,0,6.98285755834468,0,6.98258173359037
PGADH_h,8.2e-05,0.000164746782258928,8.2e-05,0.00016474262022092,0.00722656595135618,0.381036806709076,0.0075189513415686,0.381038968136018
PSerAT_h,8.2e-05,0.000164746782258928,8.2e-05,0.00016474262022092,0.00722656595135618,0.381036806709076,0.0075189513415686,0.381038968136018
PSerP_h,8.2e-05,0.000164746782258928,8.2e-05,0.00016474262022092,0.00722656595135618,0.381036806709076,0.0075189513415686,0.381038968136018
SerRM_c,8.2e-05,0.000164746782258928,8.2e-05,0.00016474262022092,0,0.390978288490815,0,0.39088297949296
ThrS_h,8.2e-05,0.000164746782258928,8.2e-05,0.00016474262022092,0.0391934509745828,0.288601478072561,0.0491810262570856,0.288571265128397
ANTS_h,8.2e-05,0.000164746782258928,8.2e-05,0.00016474262022092,0.0024149192045968,0.0295485373325443,0.00241491751749834,0.0295412062391719
ANTPRT_h,8.2e-05,0.000164746782258928,8.2e-05,0.00016474262022092,0.0024149192045968,0.0295485373325443,0.00241491751749834,0.0295412062391719
PRANTI_h,8.2e-05,0.000164746782258928,8.2e-05,0.00016474262022092,0.0024149192045968,0.0295485373325443,0.00241491751749834,0.0295412062391719
IndGPS_h,8.2e-05,0.000164746782258928,8.2e-05,0.00016474262022092,0.0024149192045968,0.0295485373325443,0.00241491751749834,0.0295412062391719
IndGPL_h,8.2e-05,0.000164746782258928,8.2e-05,0.00016474262022092,0.0024149192045968,0.0295485373325443,0.00241491751749834,0.0295412062391719
TrpS_h,8.2e-05,0.000164746782258928,8.2e-05,0.00016474262022092,0.0024149192045968,0.0295485373325443,0.00241491751749834,0.0295412062391719
AGNDH_h,8.2e-05,0.000164746782258928,8.2e-05,0.00016474262022092,0.00673176103695989,0.0420054646032077,0.00673175633403889,0.0419959316720543
BAATA3_h,8.2e-05,0.000164746782258928,8.2e-05,0.00016474262022092,0.0209369200697722,0.0914843272025743,0.0209369054428805,0.0914652561192598
ATase_h,8.2e-05,0.000164746782258928,8.2e-05,0.00016474262022092,0.000292390643017948,0.000327764909120079,0.000292390438750841,0.000327743011761666
PRAGlyL_h,8.2e-05,0.000164746782258928,8.2e-05,0.00016474262022092,0.000292390643017948,0.000327764909120079,0.000292390438750841,0.000327743011761666
GARFT_h,8.2e-05,0.000164746782258928,8.2e-05,0.00016474262022092,0.000292390643017948,0.000327764909120079,0.000292390438750841,0.000327743011761666
FGAMS_h,8.2e-05,0.000164746782258928,8.2e-05,0.00016474262022092,0.000292390643017948,0.000327764909120079,0.000292390438750841,0.000327743011761666
FGAMCL_h,8.2e-05,0.000164746782258928,8.2e-05,0.00016474262022092,0.000292390643017948,0.000327764909120079,0.000292390438750841,0.000327743011761666
AIRC_h,8.2e-05,0.000164746782258928,8.2e-05,0.00016474262022092,0.000292390643017948,0.000327764909120079,0.000292390438750841,0.000327743011761666
SAICARS_h,8.2e-05,0.000164746782258928,8.2e-05,0.00016474262022092,0.000292390643017948,0.000327764909120079,0.000292390438750841,0.000327743011761666
DCAMPL1_h,8.2e-05,0.000164746782258928,8.2e-05,0.00016474262022092,0.000292390643017948,0.000327764909120079,0.000292390438750841,0.000327743011761666
AICARFT_h,8.2e-05,0.000164746782258928,8.2e-05,0.00016474262022092,0.00505097968670665,0.0517528938945759,0.00505097615802441,0.0517409782573841
IMPCH_h,8.2e-05,0.000164746782258928,8.2e-05,0.00016474262022092,0.00505097968670665,0.0517528938945759,0.00505097615802441,0.0517409782573841
AMPDA_c,8.2e-05,0.000164746782258928,8.2e-05,0.00016474262022092,0.000111103835239344,0.000124545498733637,0.000111103757620374,0.000124541341019725
IMPDH_c,8.2e-05,0.000164746782258928,8.2e-05,0.00016474262022092,0.000111103835239344,0.000124545498733637,0.000111103757620374,0.000124541341019725
GMPS_c,8.2e-05,0.000164746782258928,8.2e-05,0.00016474262022092,0.000111103835239344,0.000124545498733637,0.000111103757620374,0.000124541341019725
DCAMPS_h,8.2e-05,0.000164746782258928,8.2e-05,0.00016474262022092,0.00505097968670665,0.0517528938945759,0.00505097615802441,0.0517409782573841
DCAMPL2_h,8.2e-05,0.000164746782258928,8.2e-05,0.00016474262022092,0.00505097968670665,0.0517528938945759,0.00505097615802441,0.0517409782573841
AspCT_h,8.2e-05,0.000164746782258928,8.2e-05,0.00016474262022092,0.000315755384933128,0.000353956385120285,0.000315755164341069,0.000353932737964613
DHOase_h,8.2e-05,0.000164746782258928,8.2e-05,0.00016474262022092,0.000315755384933128,0.000353956385120285,0.000315755164341069,0.000353932737964613
DHODH_m,8.2e-05,0.000164746782258928,8.2e-05,0.00016474262022092,0.000315755384933128,0.000353956385120285,0.000315755164341069,0.000353932737964613
OROPRT_c,8.2e-05,0.000164746782258928,8.2e-05,0.00016474262022092,0.000315755384933128,0.000353956385120285,0.000315755164341069,0.000353932737964613
OMPDC_c,8.2e-05,0.000164746782258928,8.2e-05,0.00016474262022092,0.000315755384933128,0.000353956385120285,0.000315755164341069,0.000353932737964613
CTPS_c,8.2e-05,0.000164746782258928,8.2e-05,0.00016474262022092,0.00012883172402227,0.000143419579971196,0.00012883163401827,0.000144413337676849
AMPK_c,8.2e-05,0.000164746782258928,8.2e-05,0.00016474262022092,0.00980514856728654,0.464720547652885,0.00980514171728091,0.464606179966028
AMPK_h,8.2e-05,0.000164746782258928,8.2e-05,0.00016474262022092,0,1.0582111069934,0,1.05792526014692
GMPK_c,8.2e-05,0.000164746782258928,8.2e-05,0.00016474262022092,0.000111103835239344,0.000124545498733637,0.000111103757620374,0.000124541341019725
NMPK_c,8.2e-05,0.000164746782258928,8.2e-05,0.00016474262022092,0.000315755384933128,0.000353956385120285,0.000315755164341069,0.000353932737964613
CTPP_c,8.2e-05,0.000164746782258928,8.2e-05,0.00016474262022092,5.77798916923875e-05,6.39445627762196e-05,5.7779851326402e-05,6.47681079581288e-05
ADPR_c,8.2e-05,0.000164746782258928,8.2e-05,0.00016474262022092,9.74654562063951e-05,0.000109068327990083,9.74653881153951e-05,0.000109253461798962
CDPR_c,8.2e-05,0.000164746782258928,8.2e-05,0.00016474262022092,5.77798916923875e-05,6.39445627762196e-05,5.7779851326402e-05,6.47681079581288e-05
GDPR_c,8.2e-05,0.000164746782258928,8.2e-05,0.00016474262022092,5.31636267489348e-05,5.95955161554024e-05,5.31635896079348e-05,5.95935266727688e-05
UDPR_c,8.2e-05,0.000164746782258928,8.2e-05,0.00016474262022092,9.91688221855247e-05,0.000111166553263573,9.9168752904535e-05,0.000110452822144734
dUTPP_c,8.2e-05,0.000164746782258928,8.2e-05,0.00016474262022092,9.91688221855247e-05,0.000111166553263573,9.9168752904535e-05,0.000110452822144734
dTMPS_c,8.2e-05,0.000164746782258928,8.2e-05,0.00016474262022092,9.91688221855247e-05,0.000111166553263573,9.9168752904535e-05,0.000110452822144734
dTMPK_c,8.2e-05,0.000164746782258928,8.2e-05,0.00016474262022092,9.91688221855247e-05,0.000111166553263573,9.9168752904535e-05,0.000110452822144734
GDPK_c,8.2e-05,0.000164746782258928,8.2e-05,0.00016474262022092,5.79402084904257e-05,6.48373857237871e-05,5.79401680124387e-05,5.79401680124387e-05
GDPK_h,8.2e-05,0.000164746782258928,8.2e-05,0.00016474262022092,0.00505097968670665,0.0517528938945759,0.00505097615802441,0.0517409782573841
UDPK_c,8.2e-05,0.000164746782258928,8.2e-05,0.00016474262022092,0.108861541441145,0.488252351728532,0.108861465388672,0.48815697477319
dADPK_c,8.2e-05,0.000164746782258928,8.2e-05,0.00016474262022092,9.74654562063951e-05,0.000109068327990083,9.74653881153951e-05,0.000109253461798962
dCDPK_c,8.2e-05,0.000164746782258928,8.2e-05,0.00016474262022092,5.77798916923875e-05,6.39445627762196e-05,5.7779851326402e-05,6.47681079581288e-05
dGDPK_c,8.2e-05,0.000164746782258928,8.2e-05,0.00016474262022092,5.31636267489348e-05,5.95955161554024e-05,5.31635896079348e-05,5.95935266727688e-05
dTDPK_c,8.2e-05,0.000164746782258928,8.2e-05,0.00016474262022092,9.91688221855247e-05,0.000111166553263573,9.9168752904535e-05,0.000110452822144734
dUDPK_c,8.2e-05,0.000164746782258928,8.2e-05,0.00016474262022092,9.91688221855247e-05,0.000111166553263573,9.9168752904535e-05,0.000110452822144734
Tr_SO4,8.2e-05,0.000164746782258928,8.2e-05,0.00016474262022092,0,0.0909175939202747,0,0.0830284231339162
Tr_NO2,8.2e-05,0.000164746782258928,8.2e-05,0.00016474262022092,0,0.284212477937005,0,0.28414100249143
Tr_NTT,8.2e-05,0.000164746782258928,8.2e-05,0.00016474262022092,0.580529386894056,3.17884302234954,0.580891030238732,3.17856135845396
Tr_AAC,8.2e-05,0.000164746782258928,8.2e-05,0.00016474262022092,0,0,0,0
Tr_BT11,8.2e-05,0.000164746782258928,8.2e-05,0.00016474262022092,0,0.000327713786085931,0,0.000327753967311675
Tr_BT12,8.2e-05,0.000164746782258928,8.2e-05,0.00016474262022092,0,0.000327764909117456,0,0.000327753967311034
Tr_BT13,8.2e-05,0.000164746782258928,8.2e-05,0.00016474262022092,0,0.000327753952841153,0,0.000327743011762354
Tr_NDT1,8.2e-05,0.000164746782258928,8.2e-05,0.00016474262022092,-0.000655529818236245,0.340967256331461,-0.00065550793462249,0.340881485857872
Tr_NDT2,8.2e-05,0.000164746782258928,8.2e-05,0.00016474262022092,-0.340967256331933,0.000655529818238271,-0.340881485857881,0.000655507934617439
Tr_TPT1,8.2e-05,0.000164746782258928,8.2e-05,0.00016474262022092,-1.94136830127081,97.4926553738027,-1.9413726094593,97.4917904738675
Tr_TPT2,8.2e-05,0.000164746782258928,8.2e-05,0.00016474262022092,-96.6109144457062,100,-96.6106260413555,100
Tr_TPT3,8.2e-05,0.000164746782258928,8.2e-05,0.00016474262022092,-98.9252171366803,100,-98.9225584382742,100
Tr_PPT,8.2e-05,0.000164746782258928,8.2e-05,0.00016474262022092,0,98.3758125680807,0,98.3752378231809
Tr_GCA1,8.2e-05,0.000164746782258928,8.2e-05,0.00016474262022092,0,0.125168628098545,0,0.125134998587653
Tr_GCEA1,8.2e-05,0.000164746782258928,8.2e-05,0.00016474262022092,0,0,0,0
Tr_GPT1,8.2e-05,0.000164746782258928,8.2e-05,0.00016474262022092,0,2.20718574082317,0,2.2068040554299
Tr_pGlc,8.2e-05,0.000164746782258928,8.2e-05,0.00016474262022092,0,0.5317505917195,0,0.531607666448011
Tr_Mex1,8.2e-05,0.000164746782258928,8.2e-05,0.00016474262022092,0.000373535276625523,0.354873929756264,0.000373535015640414,0.354778645981302
Tr_PLT5,8.2e-05,0.000164746782258928,8.2e-05,0.00016474262022092,0,0.113684991175064,0,0.113656400996478
Tr_DIC1,8.2e-05,0.000164746782258928,8.2e-05,0.00016474262022092,-0.597527528162124,0,-0.597432074865605,0
Tr_DIC2,8.2e-05,0.000164746782258928,8.2e-05,0.00016474262022092,0,0.597527528162076,0,0.597432074865249
Tr_DIT1,8.2e-05,0.000164746782258928,8.2e-05,0.00016474262022092,0,0.619570258314588,0,0.619455782447566
Tr_DIT2,8.2e-05,0.000164746782258928,8.2e-05,0.00016474262022092,0.075589228908757,0.935836654707269,0.0855767787634097,0.935693447133911
Tr_DTC1A,8.2e-05,0.000164746782258928,8.2e-05,0.00016474262022092,-100,100,-100,100
Tr_DTC1B,8.2e-05,0.000164746782258928,8.2e-05,0.00016474262022092,-100,100,-100,100
Tr_DTC1C,8.2e-05,0.000164746782258928,8.2e-05,0.00016474262022092,-100,100,-100,100
Tr_DTC2A,8.2e-05,0.000164746782258928,8.2e-05,0.00016474262022092,-0.597527528162141,0,-0.597432074865212,0
Tr_DTC2B,8.2e-05,0.000164746782258928,8.2e-05,0.00016474262022092,-0.597527528162125,0,-0.597432074865283,0
Tr_DTC2C,8.2e-05,0.000164746782258928,8.2e-05,0.00016474262022092,-0.597527528162103,0,-0.597432074865365,0
Tr_DTC3A,8.2e-05,0.000164746782258928,8.2e-05,0.00016474262022092,-100,100,-100,100
Tr_DTC3B,8.2e-05,0.000164746782258928,8.2e-05,0.00016474262022092,-100,100,-100,100
Tr_DTC3C,8.2e-05,0.000164746782258928,8.2e-05,0.00016474262022092,-100,100,-100,100
Tr_DTC4A,8.2e-05,0.000164746782258928,8.2e-05,0.00016474262022092,-100,100,-100,100
Tr_DTC4B,8.2e-05,0.000164746782258928,8.2e-05,0.00016474262022092,-100,100,-100,100
Tr_DTC4C,8.2e-05,0.000164746782258928,8.2e-05,0.00016474262022092,-100,100,-100,100
Tr_SFC,8.2e-05,0.000164746782258928,8.2e-05,0.00016474262022092,0,0.188303490172018,0,0.188267720174735
Tr_BAT11,8.2e-05,0.000164746782258928,8.2e-05,0.00016474262022092,-0.115970665486461,1.02519286188911,-0.115950219641464,-0.033018222037145
Tr_BAT12,8.2e-05,0.000164746782258928,8.2e-05,0.00016474262022092,-100,0.0759930867876117,-100,0.0759726688717111
Tr_BAT13,8.2e-05,0.000164746782258928,8.2e-05,0.00016474262022092,-1.07384239129771,2.73075383097321,-1.07355653353269,2.73066255182967
Tr_BAT14,8.2e-05,0.000164746782258928,8.2e-05,0.00016474262022092,0,100,0,100
Tr_BAT15,8.2e-05,0.000164746782258928,8.2e-05,0.00016474262022092,0,0.198923085868309,0.0330182220371142,0.198882217245769
Tr_BAC1,8.2e-05,0.000164746782258928,8.2e-05,0.00016474262022092,0,100,0,100
Tr_BAC2,8.2e-05,0.000164746782258928,8.2e-05,0.00016474262022092,0,100,0,100
Tr_ProU,8.2e-05,0.000164746782258928,8.2e-05,0.00016474262022092,0,2.7463851152805,0,2.74629382521276
Tr_ProA,8.2e-05,0.000164746782258928,8.2e-05,0.00016474262022092,0,2.74638511527939,0,2.74629382521549
Tr_P5C1,8.2e-05,0.000164746782258928,8.2e-05,0.00016474262022092,0,1.05821110699334,0,1.05792526014626
Tr_P5C2,8.2e-05,0.000164746782258928,8.2e-05,0.00016474262022092,0.0421775400996385,2.76184951409317,0.0427533902165282,2.76175821322601
Tr_PRPP,8.2e-05,0.000164746782258928,8.2e-05,0.00016474262022092,0.000315755384933128,0.114000746559887,0.000315755164341069,0.113972156160824
Tr_Fum,8.2e-05,0.000164746782258928,8.2e-05,0.00016474262022092,0.0164399995312097,0.0920265071736233,0.0164399880459678,0.0920060780564967
Tr_HCys,8.2e-05,0.000164746782258928,8.2e-05,0.00016474262022092,0.00481164674684464,0.0544906038672199,0.00481164338537746,0.054477606364558
Tr_ORO,8.2e-05,0.000164746782258928,8.2e-05,0.00016474262022092,0.000315755384933128,0.000353956385120285,0.000315755164341069,0.000353932737964613
Tr_DHO1,8.2e-05,0.000164746782258928,8.2e-05,0.00016474262022092,0.000315755384933128,0.000353956385120285,0.000315755164341069,0.000353932737964613
Tr_DHO2,8.2e-05,0.000164746782258928,8.2e-05,0.00016474262022092,0.000315755384933128,0.000353956385120285,0.000315755164341069,0.000353932737964613
Tr_GlySer,8.2e-05,0.000164746782258928,8.2e-05,0.00016474262022092,0,0.235787531311507,0,0.235751728141104
Tr_O2h,8.2e-05,0.000164746782258928,8.2e-05,0.00016474262022092,-4.05361546808952,-3.64208892648097,-4.05361546839593,-3.64220008944983
Tr_O2m,8.2e-05,0.000164746782258928,8.2e-05,0.00016474262022092,0.56352207160669,1.19752576098548,0.588897312850054,1.1975277566039
Tr_O2p,8.2e-05,0.000164746782258928,8.2e-05,0.00016474262022092,0,0.0625843140492752,0,0.0625674992938267
Tr_CO2h,8.2e-05,0.000164746782258928,8.2e-05,0.00016474262022092,2.5742157858494,3.48319668918988,2.57430902331345,3.48306266766485
Tr_CO2m,8.2e-05,0.000164746782258928,8.2e-05,0.00016474262022092,-0.452784775974856,-0.0143063318149459,-0.45270300034828,-0.037563210105986
Tr_H2Oh,8.2e-05,0.000164746782258928,8.2e-05,0.00016474262022092,1.62418743192122,100,1.62476217682117,100
Tr_H2Om,8.2e-05,0.000164746782258928,8.2e-05,0.00016474262022092,-2.34067272824551,0.0157478147546386,-2.34067675747165,0.01517192416756
Tr_H2Op,8.2e-05,0.000164746782258928,8.2e-05,0.00016474262022092,-0.125168628098544,0,-0.125134998587688,0
Tr_Hp,8.2e-05,0.000164746782258928,8.2e-05,0.00016474262022092,-0.0846349735995782,0,-0.0846137953936897,0
Tr_NH41,8.2e-05,0.000164746782258928,8.2e-05,0.00016474262022092,0.0200390069248095,1.36967262978884,0.0201102698152937,0.943444045697592
Tr_NH42,8.2e-05,0.000164746782258928,8.2e-05,0.00016474262022092,-1.09050130198732,0.0672202081652919,-0.258988442467049,0.0671997963783083
Tr_H2S1,8.2e-05,0.000164746782258928,8.2e-05,0.00016474262022092,-0.0861059471736256,0.106706732291002,-0.0782167797486296,0.106680738874675
Tr_H2S2,8.2e-05,0.000164746782258928,8.2e-05,0.00016474262022092,0,0.130636843885538,0,0.117925258322618
Tr_AC1,8.2e-05,0.000164746782258928,8.2e-05,0.00016474262022092,0.134371458095771,0.263507787097801,0.134371364221622,0.263477055768013
Tr_AC2,8.2e-05,0.000164746782258928,8.2e-05,0.00016474262022092,-0.130636843885447,0,-0.117925258322702,0
Tr_Pyr1,8.2e-05,0.000164746782258928,8.2e-05,0.00016474262022092,-0.433809391843389,1.0025928196507,-0.433727629473308,1.00230701166035
Tr_Pyr2,8.2e-05,0.000164746782258928,8.2e-05,0.00016474262022092,-0.928317242673986,0.437962126735001,0.0374723864091777,0.437880361463725
Tr_Pyr3,8.2e-05,0.000164746782258928,8.2e-05,0.00016474262022092,0,0,0,0
Tr_GCA2,8.2e-05,0.000164746782258928,8.2e-05,0.00016474262022092,0,0.125168628098545,0,0.125134998587653
Tr_GCEA2,8.2e-05,0.000164746782258928,8.2e-05,0.00016474262022092,0,0,0,0
Tr_Mal,8.2e-05,0.000164746782258928,8.2e-05,0.00016474262022092,0,0,0,0
Tr_OAA,8.2e-05,0.000164746782258928,8.2e-05,0.00016474262022092,-0.125168628098533,0,-0.125134998587715,0
Tr_KG,8.2e-05,0.000164746782258928,8.2e-05,0.00016474262022092,0,0.0705474071328945,0,0.0705283506764742
Tr_Ala1,8.2e-05,0.000164746782258928,8.2e-05,0.00016474262022092,0,0.134117866559242,0,0.0829319976043421
Tr_Arg1,8.2e-05,0.000164746782258928,8.2e-05,0.00016474262022092,0,0.0481005048633432,-4.33680868994202e-19,0.0480875118249154
Tr_Asn1,8.2e-05,0.000164746782258928,8.2e-05,0.00016474262022092,0,0.0846349735995902,0,0.0846137953934894
Tr_Asp,8.2e-05,0.000164746782258928,8.2e-05,0.00016474262022092,0,0.125168628098725,0,0.125134998587642
Tr_Cys,8.2e-05,0.000164746782258928,8.2e-05,0.00016474262022092,0,0.119750440228136,0,0.108098153462201
Tr_Glu1,8.2e-05,0.000164746782258928,8.2e-05,0.00016474262022092,0,0.0705474071329104,0,0.0705283506764622
Tr_Gln,8.2e-05,0.000164746782258928,8.2e-05,0.00016474262022092,0,0.0661381941870806,0,0.0661203287591633
Tr_Gly,8.2e-05,0.000164746782258928,8.2e-05,0.00016474262022092,-0.12516862809854,0.185594438721151,-0.125134998587705,0.174960944295449
Tr_His1,8.2e-05,0.000164746782258928,8.2e-05,0.00016474262022092,0,0.0467019142078267,0,0.0466900020993353
Tr_Ile1,8.2e-05,0.000164746782258928,8.2e-05,0.00016474262022092,0,0.0556953214205869,0,0.0556802768498405
Tr_Leu1,8.2e-05,0.000164746782258928,8.2e-05,0.00016474262022092,0,0.0391930039625949,0,0.0391824170423636
Tr_Lys1,8.2e-05,0.000164746782258928,8.2e-05,0.00016474262022092,0,0.0587895059440641,0,0.0587736255637034
Tr_Met1,8.2e-05,0.000164746782258928,8.2e-05,0.00016474262022092,0,0.049678957120256,-8.67361737988404e-19,0.0496659629791706
Tr_Phe1,8.2e-05,0.000164746782258928,8.2e-05,0.00016474262022092,0,0.0352737035662695,0,0.0352641753380248
Tr_Pro1,8.2e-05,0.000164746782258928,8.2e-05,0.00016474262022092,0,0.0705474071329593,0,0.0705283506764809
Tr_Ser1,8.2e-05,0.000164746782258928,8.2e-05,0.00016474262022092,0,0.121437450738664,-3.46944695195361e-18,0.121405687282676
Tr_Thr1,8.2e-05,0.000164746782258928,8.2e-05,0.00016474262022092,0,0.0962010097266695,0,0.0961750236495486
Tr_Trp1,8.2e-05,0.000164746782258928,8.2e-05,0.00016474262022092,0,0.0271336181279452,0,0.0271262887216208
Tr_Tyr1,8.2e-05,0.000164746782258928,8.2e-05,0.00016474262022092,0,0.0352737035661826,0,0.0352641753380153
Tr_Val1,8.2e-05,0.000164746782258928,8.2e-05,0.00016474262022092,0,0.070547407132773,0,0.0705283506763456
Tr_Ala2,8.2e-05,0.000164746782258928,8.2e-05,0.00016474262022092,0,1.05821110699441,0,0
Tr_Arg2,8.2e-05,0.000164746782258928,8.2e-05,0.00016474262022092,0.0110966292014771,0.0866831368438967,0.0110966214492148,0.0866627114597079
Tr_Asn2,8.2e-05,0.000164746782258928,8.2e-05,0.00016474262022092,0,0.087890164891903,0,0.0878681721394766
Tr_Asn3,8.2e-05,0.000164746782258928,8.2e-05,0.00016474262022092,0,0.0846349735996027,0,0.0846137953934149
Tr_Glu2,8.2e-05,0.000164746782258928,8.2e-05,0.00016474262022092,0.0869338384944829,1.26827053735093,0.0969004973867392,1.26798454375384
Tr_His2,8.2e-05,0.000164746782258928,8.2e-05,0.00016474262022092,0.00475858904372423,0.051460503251568,0.00475858571929422,0.051448587818596
Tr_His3,8.2e-05,0.000164746782258928,8.2e-05,0.00016474262022092,0,100,0,100
Tr_Ile2,8.2e-05,0.000164746782258928,8.2e-05,0.00016474262022092,0.0128578165829375,0.0685531380036139,0.0128578076002515,0.0685380844500747
Tr_Ile3,8.2e-05,0.000164746782258928,8.2e-05,0.00016474262022092,0,0.0556953214206782,0,0.0556802768498327
Tr_Leu2,8.2e-05,0.000164746782258928,8.2e-05,0.00016474262022092,0.0227265021326813,0.0619195060952812,0.0227264862555663,0.0619089032979258
Tr_Leu3,8.2e-05,0.000164746782258928,8.2e-05,0.00016474262022092,0,0.0391930039625973,0,0.0391824170423554
Tr_Lys2,8.2e-05,0.000164746782258928,8.2e-05,0.00016474262022092,0.0148283762712052,0.0736178822152601,0.0148283659118532,0.0736019914755577
Tr_Met2,8.2e-05,0.000164746782258928,8.2e-05,0.00016474262022092,0,0.0496789571203509,0,0.049665962979221
Tr_Met3,8.2e-05,0.000164746782258928,8.2e-05,0.00016474262022092,0,0.0496789571203509,0,0.049665962979221
Tr_Phe2,8.2e-05,0.000164746782258928,8.2e-05,0.00016474262022092,0.00954195991534496,0.0448156634815636,0.00954195324917196,0.044806128587194
Tr_Phe3,8.2e-05,0.000164746782258928,8.2e-05,0.00016474262022092,0,0.0352737035662219,0,0.0352641753380719
Tr_Pro2,8.2e-05,0.000164746782258928,8.2e-05,0.00016474262022092,0,0.070547407132892,0,0.0705283506764878
Tr_Ser2,8.2e-05,0.000164746782258928,8.2e-05,0.00016474262022092,0,0.373615313661991,0,0.373520016794606
Tr_Ser3,8.2e-05,0.000164746782258928,8.2e-05,0.00016474262022092,0,0.204007427278893,0,0.194927192839745
Tr_Thr2,8.2e-05,0.000164746782258928,8.2e-05,0.00016474262022092,0.0263565179052587,0.275743661489758,0.0363232186557283,0.275713457528344
Tr_Thr3,8.2e-05,0.000164746782258928,8.2e-05,0.00016474262022092,0,0.0962010097267649,0,0.0961750236497607
Tr_Trp2,8.2e-05,0.000164746782258928,8.2e-05,0.00016474262022092,0.00241491920462584,0.0295485373325453,0.00241491751752284,0.0295412062391719
Tr_Trp3,8.2e-05,0.000164746782258928,8.2e-05,0.00016474262022092,0,0.0271336181279136,0,0.0271262887216169
Tr_Tyr2,8.2e-05,0.000164746782258928,8.2e-05,0.00016474262022092,0.00673176103695989,0.0420054646032077,0.00673175633403889,0.0419959316720543
Tr_Tyr3,8.2e-05,0.000164746782258928,8.2e-05,0.00016474262022092,0,0.0352737035662364,0,0.0352641753380395
Tr_Val2,8.2e-05,0.000164746782258928,8.2e-05,0.00016474262022092,0.0209369200697973,0.0914843272025743,0.0209369054429143,0.0914652561192598
Tr_Val3,8.2e-05,0.000164746782258928,8.2e-05,0.00016474262022092,0,0.0705474071327766,0,0.0705283506763366
Si_H,8.2e-05,0.000164746782258928,8.2e-05,0.00016474262022092,-3.11321318762596,-0.867177109828552,-3.1116103313647,-0.867203918192636
Im_hnu,8.2e-05,0.000164746782258928,8.2e-05,0.00016474262022092,29.1402200995639,32.4324324324324,29.141109400863,32.4324324324324
Im_CO2,8.2e-05,0.000164746782258928,8.2e-05,0.00016474262022092,2.95169273229372,3.53095262742132,2.95169067019136,3.47797207330514
Im_H2O,8.2e-05,0.000164746782258928,8.2e-05,0.00016474262022092,1.99368150460569,2.44908051249917,1.99762466542143,2.43086742661097
Im_Pi,8.2e-05,0.000164746782258928,8.2e-05,0.00016474262022092,0.00182443808386956,0.00204516388271022,0.00182443680925903,0.00204509560881183
Im_NO3,8.2e-05,0.000164746782258928,8.2e-05,0.00016474262022092,0,0.284212477937324,0,0.284141002491224
Im_NH4,8.2e-05,0.000164746782258928,8.2e-05,0.00016474262022092,0.0871749228957994,0.623962744177077,0.0872461388834518,0.598539319670544
Im_SO4,8.2e-05,0.000164746782258928,8.2e-05,0.00016474262022092,0,0.0909175939202747,0,0.0830284231339162
Im_H2S,8.2e-05,0.000164746782258928,8.2e-05,0.00016474262022092,0,0.143398163635824,0,0.129415419727923
Ex_O2,8.2e-05,0.000164746782258928,8.2e-05,0.00016474262022092,2.85608970710427,3.49009339648284,2.85608771179228,3.46471815554579
Ex_Ala_c,8.2e-05,0.000164746782258928,8.2e-05,0.00016474262022092,0,0.134117866559117,0,0.0829319976043296
Ex_Ala_h,8.2e-05,0.000164746782258928,8.2e-05,0.00016474262022092,0,0.132276388374279,0,0
Ex_Ala_m,8.2e-05,0.000164746782258928,8.2e-05,0.00016474262022092,0,0.134117866559247,0,0.0829319976043296
Ex_Ala_x,8.2e-05,0.000164746782258928,8.2e-05,0.00016474262022092,0,0.134117866559122,0,0.0829319976041636
Ex_Arg_c,8.2e-05,0.000164746782258928,8.2e-05,0.00016474262022092,0,0.0481005048633766,0,0.0480875118249163
Ex_Arg_h,8.2e-05,0.000164746782258928,8.2e-05,0.00016474262022092,0,0.0481005048633705,0,0.04808751182493
Ex_Arg_m,8.2e-05,0.000164746782258928,8.2e-05,0.00016474262022092,0,0.0481005048633326,0,0.0480875118249238
Ex_Arg_x,8.2e-05,0.000164746782258928,8.2e-05,0.00016474262022092,0,0.0481005048633285,0,0.0480875118249022
Ex_Asn_c,8.2e-05,0.000164746782258928,8.2e-05,0.00016474262022092,0,0.0846349735995839,0,0.084613795393513
Ex_Asn_h,8.2e-05,0.000164746782258928,8.2e-05,0.00016474262022092,0,0.087890164891903,0,0.0878681721394766
Ex_Asn_m,8.2e-05,0.000164746782258928,8.2e-05,0.00016474262022092,0,0.0846349735996027,0,0.0846137953934149
Ex_Asn_x,8.2e-05,0.000164746782258928,8.2e-05,0.00016474262022092,0,0.0846349735995902,0,0.084613795393376
Ex_Asp_c,8.2e-05,0.000164746782258928,8.2e-05,0.00016474262022092,0,0.118214815426575,0,0.118183054221708
Ex_Asp_h,8.2e-05,0.000164746782258928,8.2e-05,0.00016474262022092,0,0.11757901188814,0,0.117547251127449
Ex_Asp_m,8.2e-05,0.000164746782258928,8.2e-05,0.00016474262022092,0,0.118214815426511,0,0.118183054221725
Ex_Asp_x,8.2e-05,0.000164746782258928,8.2e-05,0.00016474262022092,0,0.118214815426574,0,0.118183054221801
Ex_Cys_c,8.2e-05,0.000164746782258928,8.2e-05,0.00016474262022092,0,0.119750440228293,0,0.10809815346234
Ex_Cys_h,8.2e-05,0.000164746782258928,8.2e-05,0.00016474262022092,0,0.101895085544171,0,0.101869095489369
Ex_Cys_m,8.2e-05,0.000164746782258928,8.2e-05,0.00016474262022092,0,0.130636843885538,0,0.117925258322618
Ex_Cys_x,8.2e-05,0.000164746782258928,8.2e-05,0.00016474262022092,0,0.119750440228293,0,0.108098153462351
Ex_Gln_c,8.2e-05,0.000164746782258928,8.2e-05,0.00016474262022092,0,0.0661381941870836,0,0.0661203287591784
Ex_Gln_h,8.2e-05,0.000164746782258928,8.2e-05,0.00016474262022092,0,0.0661381941871245,0,0.0661203287591983
Ex_Gln_m,8.2e-05,0.000164746782258928,8.2e-05,0.00016474262022092,0,0,0,0
Ex_Gln_x,8.2e-05,0.000164746782258928,8.2e-05,0.00016474262022092,0,0.0661381941870913,0,0.0661203287591578
Ex_Glu_c,8.2e-05,0.000164746782258928,8.2e-05,0.00016474262022092,0,0.070547407132886,0,0.0705283506763714
Ex_Glu_h,8.2e-05,0.000164746782258928,8.2e-05,0.00016474262022092,0,0.0705474071328945,0,0.0705283506763987
Ex_Glu_m,8.2e-05,0.000164746782258928,8.2e-05,0.00016474262022092,0,0.0705474071328953,0,0.0705283506764922
Ex_Glu_x,8.2e-05,0.000164746782258928,8.2e-05,0.00016474262022092,0,0.070547407132915,0,0.0705283506764688
Ex_Gly_c,8.2e-05,0.000164746782258928,8.2e-05,0.00016474262022092,0,0.202902650824142,0,0.188865744324073
Ex_Gly_h,8.2e-05,0.000164746782258928,8.2e-05,0.00016474262022092,0,0.117579011888158,0,0.105792526014729
Ex_Gly_m,8.2e-05,0.000164746782258928,8.2e-05,0.00016474262022092,0,0.202902650824291,0,0.188865744324162
Ex_Gly_x,8.2e-05,0.000164746782258928,8.2e-05,0.00016474262022092,0,0.202902650824384,0,0.188865744324047
Ex_His_c,8.2e-05,0.000164746782258928,8.2e-05,0.00016474262022092,0,0.0467019142077218,0,0.0466900020993241
Ex_His_h,8.2e-05,0.000164746782258928,8.2e-05,0.00016474262022092,0,0.0467019142077218,0,0.046690002099303
Ex_His_m,8.2e-05,0.000164746782258928,8.2e-05,0.00016474262022092,0,0.0467019142077887,0,0.0466900020993355
Ex_His_x,8.2e-05,0.000164746782258928,8.2e-05,0.00016474262022092,0,0.0467019142078273,0,0.0466900020993
Ex_Ile_c,8.2e-05,0.000164746782258928,8.2e-05,0.00016474262022092,0,0.0556953214206667,0,0.0556802768498368
Ex_Ile_h,8.2e-05,0.000164746782258928,8.2e-05,0.00016474262022092,0,0.0556953214206667,0,0.0556802768498113
Ex_Ile_m,8.2e-05,0.000164746782258928,8.2e-05,0.00016474262022092,0,0.0556953214206782,0,0.0556802768498327
Ex_Ile_x,8.2e-05,0.000164746782258928,8.2e-05,0.00016474262022092,0,0.0556953214206667,0,0.0556802768498215
Ex_Leu_c,8.2e-05,0.000164746782258928,8.2e-05,0.00016474262022092,0,0.0391930039625946,0,0.0391824170423643
Ex_Leu_h,8.2e-05,0.000164746782258928,8.2e-05,0.00016474262022092,0,0.0391930039625946,0,0.0391824170423652
Ex_Leu_m,8.2e-05,0.000164746782258928,8.2e-05,0.00016474262022092,0,0.0391930039625973,0,0.0391824170423554
Ex_Leu_x,8.2e-05,0.000164746782258928,8.2e-05,0.00016474262022092,0,0.0391930039625946,0,0.0391824170423652
Ex_Lys_c,8.2e-05,0.000164746782258928,8.2e-05,0.00016474262022092,0,0.0587895059441139,0,0.0587736255636956
Ex_Lys_h,8.2e-05,0.000164746782258928,8.2e-05,0.00016474262022092,0,0.0587895059440562,0,0.0587736255637278
Ex_Lys_m,8.2e-05,0.000164746782258928,8.2e-05,0.00016474262022092,0,0.0587895059440477,0,0.0587736255636108
Ex_Lys_x,8.2e-05,0.000164746782258928,8.2e-05,0.00016474262022092,0,0.0587895059441101,0,0.0587736255637682
Ex_Met_c,8.2e-05,0.000164746782258928,8.2e-05,0.00016474262022092,0,0.0496789571203509,0,0.0496659629792092
Ex_Met_h,8.2e-05,0.000164746782258928,8.2e-05,0.00016474262022092,0,0.0496789571203509,0,0.049665962979221
Ex_Met_m,8.2e-05,0.000164746782258928,8.2e-05,0.00016474262022092,0,0.0496789571203509,0,0.049665962979221
Ex_Met_x,8.2e-05,0.000164746782258928,8.2e-05,0.00016474262022092,0,0.0496789571203509,0,0.0496659629791743
Ex_Phe_c,8.2e-05,0.000164746782258928,8.2e-05,0.00016474262022092,0,0.0352737035662219,0,0.0352641753380204
Ex_Phe_h,8.2e-05,0.000164746782258928,8.2e-05,0.00016474262022092,0,0.0352737035662219,0,0.0352641753380712
Ex_Phe_m,8.2e-05,0.000164746782258928,8.2e-05,0.00016474262022092,0,0.0352737035662219,0,0.0352641753380719
Ex_Phe_x,8.2e-05,0.000164746782258928,8.2e-05,0.00016474262022092,0,0.0352737035662219,0,0.0352641753380712
Ex_Pro_c,8.2e-05,0.000164746782258928,8.2e-05,0.00016474262022092,0,0.0705474071328871,0,0.0705283506765464
Ex_Pro_h,8.2e-05,0.000164746782258928,8.2e-05,0.00016474262022092,0,0.070547407132892,0,0.0705283506764878
Ex_Pro_m,8.2e-05,0.000164746782258928,8.2e-05,0.00016474262022092,0,0.0705474071328949,0,0.0705283506765373
Ex_Pro_x,8.2e-05,0.000164746782258928,8.2e-05,0.00016474262022092,0,0.0705474071329593,0,0.0705283506764809
Ex_Ser_c,8.2e-05,0.000164746782258928,8.2e-05,0.00016474262022092,0,0.121437450738823,0,0.121405687282463
Ex_Ser_h,8.2e-05,0.000164746782258928,8.2e-05,0.00016474262022092,0,0.117579011888096,0,0.117547251127466
Ex_Ser_m,8.2e-05,0.000164746782258928,8.2e-05,0.00016474262022092,0,0.121437450738839,0,0.121405687282469
Ex_Ser_x,8.2e-05,0.000164746782258928,8.2e-05,0.00016474262022092,0,0.121437450738827,0,0.121405687282461
Ex_Thr_c,8.2e-05,0.000164746782258928,8.2e-05,0.00016474262022092,0,0.0962010097265509,0,0.0961750236498369
Ex_Thr_h,8.2e-05,0.000164746782258928,8.2e-05,0.00016474262022092,0,0.0962010097265509,0,0.0961750236497447
Ex_Thr_m,8.2e-05,0.000164746782258928,8.2e-05,0.00016474262022092,0,0.0962010097267649,0,0.0961750236497607
Ex_Thr_x,8.2e-05,0.000164746782258928,8.2e-05,0.00016474262022092,0,0.0962010097265446,0,0.0961750236497447
Ex_Trp_c,8.2e-05,0.000164746782258928,8.2e-05,0.00016474262022092,0,0.0271336181279168,0,0.0271262887216211
Ex_Trp_h,8.2e-05,0.000164746782258928,8.2e-05,0.00016474262022092,0,0.0271336181279101,0,0.0271262887215776
Ex_Trp_m,8.2e-05,0.000164746782258928,8.2e-05,0.00016474262022092,0,0.0271336181279136,0,0.0271262887216169
Ex_Trp_x,8.2e-05,0.000164746782258928,8.2e-05,0.00016474262022092,0,0.027133618127919,0,0.0271262887215751
Ex_Tyr_c,8.2e-05,0.000164746782258928,8.2e-05,0.00016474262022092,0,0.0352737035662361,0,0.0352641753380182
Ex_Tyr_h,8.2e-05,0.000164746782258928,8.2e-05,0.00016474262022092,0,0.0352737035662361,0,0.0352641753379655
Ex_Tyr_m,8.2e-05,0.000164746782258928,8.2e-05,0.00016474262022092,0,0.0352737035662364,0,0.0352641753380395
Ex_Tyr_x,8.2e-05,0.000164746782258928,8.2e-05,0.00016474262022092,0,0.0352737035662361,0,0.0352641753379655
Ex_Val_c,8.2e-05,0.000164746782258928,8.2e-05,0.00016474262022092,0,0.0705474071328066,0,0.0705283506763449
Ex_Val_h,8.2e-05,0.000164746782258928,8.2e-05,0.00016474262022092,0,0.0705474071328066,0,0.0705283506763145
Ex_Val_m,8.2e-05,0.000164746782258928,8.2e-05,0.00016474262022092,0,0.0705474071327766,0,0.0705283506763366
Ex_Val_x,8.2e-05,0.000164746782258928,8.2e-05,0.00016474262022092,0,0.0705474071328066,0,0.0705283506763374
Ex_starch,8.2e-05,0.000164746782258928,8.2e-05,0.00016474262022092,0,0.0185651071402525,0,0.0185600922832965
Ex_Glc,8.2e-05,0.000164746782258928,8.2e-05,0.00016474262022092,0,0.055695321420624,0,0.055680276849834
Ex_Frc,8.2e-05,0.000164746782258928,8.2e-05,0.00016474262022092,0,0.0587895059440708,0,0.0587736255637778
Ex_Suc,8.2e-05,0.000164746782258928,8.2e-05,0.00016474262022092,0,0.0286003001890314,0,0.0285925745985943
Ex_cellulose,8.2e-05,0.000164746782258928,8.2e-05,0.00016474262022092,0,0.0184853644186704,0,0.0184807156091713
Ex_Mas,8.2e-05,0.000164746782258928,8.2e-05,0.00016474262022092,0,0.0278476607103457,0,0.0278401384249036
Ex_MACP,8.2e-05,0.000164746782258928,8.2e-05,0.00016474262022092,0,0.0800604243561767,0,0.0800400035987285
Ex_Tre,8.2e-05,0.000164746782258928,8.2e-05,0.00016474262022092,0,0.028600300189008,0,0.0285925745985868
NGAM_c,8.2e-05,0.000164746782258928,8.2e-05,0.00016474262022092,0,0.757899941165397,0,0.757709339976775
NGAM_h,8.2e-05,0.000164746782258928,8.2e-05,0.00016474262022092,0,1.05821110699279,0,1.05792526014698
NGAM_m,8.2e-05,0.000164746782258928,8.2e-05,0.00016474262022092,0,5.93970427101409,0,5.93971428258945
Bio_AA,8.2e-05,0.000164746782258928,8.2e-05,0.00016474262022092,0,0.00313844642720512,0,0.00313760320937739
Bio_CLim,8.2e-05,0.000164746782258928,8.2e-05,0.00016474262022092,0,1.73174911996637e-05,0,1.73122346324342e-05
Bio_NLim,8.2e-05,0.000164746782258928,8.2e-05,0.00016474262022092,0,1.25423629519272e-05,0,1.16542783225216e-05
Bio_opt,8.2e-05,0.000164746782258928,8.2e-05,0.00016474262022092,0.000143139998247045,0.000156078768479007,0.000143139898247045,0.000159044542496716
