ReactionID,ReactionName,ReactionSubSystem,minFluxWT,maxFluxWT,minFluxMUT,maxFluxMUT
PSII_h,"photosystem II","light reactions",35.6785714285092,35.7142857142857,30.268167256547,30.653099760228
Cytb6f_h,"cytochrom b6f complex","light reactions",71.3571428570184,71.4285714285714,60.5363345130939,61.3061995204559
PSI_h,"photosystem I","light reactions",142.714285714037,142.857142857143,121.072669026188,122.612399040912
Fd-NADPR_h,"ferredoxin-NADP reductase","light reactions",64.888970206999,71.4285714285714,55.5223976819553,56.9883833620314
ATPase_h,"ATPase","light reactions",30.5816326530079,30.6122448979592,25.9441433627545,26.2740855087668
RBC_h,"RuBisCO","Calvin-Benson cycle",25.7788272904842,25.8082778735453,17.258595965061,17.278523773639
PGAK_h,"PGA kinase","Calvin-Benson cycle, glycolysis",68.8889138743968,69.1185057112386,53.4980014826558,55.0781862464693
GAPDH1_h,"GAP dehydrogenase","Calvin-Benson cycle",65.3288795778868,70.3720670076221,53.263384689629,55.0101973355872
FTK_h,"F6P transketolase","Calvin-Benson cycle, pentose phosphate pathway",10.6861556304278,10.6982843622022,7.15591105719326,7.16616189181492
STK_h,"S7P transketolase","Calvin-Benson cycle, pentose phosphate pathway",10.5997331167086,10.6118618484851,7.09761551149128,7.10837973299955
Ru5PE_h,"Ru5P epimerase","Calvin-Benson cycle, pentose phosphate pathway",21.2858887471349,21.3101462106898,14.253050302843,14.274541624814
R5PI_h,"R5P isomerase","Calvin-Benson cycle, pentose phosphate pathway",10.5638523703008,10.5759811020773,7.07362561698106,7.08438983849596
Ru5PK_h,"Ru5P kinase","Calvin-Benson cycle",31.8497411174354,31.886127312765,21.3266387987783,21.3589314633244
PGI_h,"G6P isomerase","starch synthesis",-6.5133884794366,-6.15744145334468,-5.44086042983306,-4.29330634909956
AGPase_h,"G1P adenylyltransferase","starch synthesis",0.392667866944046,0.482005125468533,2.86913293497298,4.01156259059104
StS_h2,"starch synthase","starch synthesis",0.196333933472023,0.285558033756011,2.60195767605572,3.81522865712154
StP1_h,"(starch) phosphorylase","starch degradation",0,0.0808558943307722,2.26384829056195,3.68338885379943
FBPA_c,"FBP aldolase","sucrose synthesis, gluconeogenesis, glycolysis",7.09182652935854,7.44777355543853,4.91803692606081,6.06559100680543
PGI_c,"G6P isomerase","sucrose synthesis, sucrose degradation, gluconeogenesis",7.06364194228427,7.41958896834458,4.89919268880945,6.04674677029085
CeS_c1,"cellulose synthase","cellulose synthesis",0.240166474284592,0.24092479212953,0.160575488520783,0.160908780427134
CeS_c2,"cellulose synthase","cellulose synthesis",0.240166474284592,0.24092479212953,0.160575488520783,0.160908780427134
PGAK_c,"PGA kinase","gluconeogenesis, glycolysis",-14.002937483774,-13.7733456468164,-17.8493070449373,-15.6653948806578
GAPDH2_c,"GAP dehydrogenase","gluconeogenesis, glycolysis",13.7733456469024,14.0015892878583,15.6653948803827,17.8493070450009
F6PK1_h,"6-Phosphofructokinase","glycolysis",0,0.0918367347477736,1.09715425850769,6.61874369822383
PyrDH1_m,"Pyr dehydrogenase","pyruvate decarboxylation",3.50020236135892,3.52170946768816,2.21224114576998,2.3528428017702
PyrDH2_m,"Pyr dehydrogenase","pyruvate decarboxylation",3.50020236135892,3.52170946768816,2.21224114576998,2.3528428017702
DHLAcT_m,"DHL acetyltransferase","pyruvate decarboxylation",3.50020236135892,3.52170946768816,2.21224114576998,2.3528428017702
DHLDH2_m,"DHL dehydrogenase","pyruvate decarboxylation, tricarboxylic acid cycle",3.50020236134255,3.52170946768817,2.21224114576998,2.35301469285859
CitS_m,"Cit synthase","tricarboxylic acid cycle, glyoxylate cycle",3.50020236135892,3.52170946768816,2.21224114576998,2.3528428017702
cplx2_m,"SCA dehydrogenase (Q)","tricarboxylic acid cycle, oxidative phosphorylation",3.25430407001995,3.26296499564595,2.18956037798421,2.33033392502777
cplx1_m,"NADH dehydrogenase (Q)","oxidative phosphorylation",23.4378759378863,23.6215494075894,23.9070142788153,24.5470513084022
RBO_h,"RuBisCO","photorespiration",6.07091382691711,6.08239341875953,4.06513139533012,4.08040768966439
PGP_h,"PGCA phosphorylase","photorespiration",6.07091382691711,6.08239341875953,4.06513139533012,4.08040768966439
GCAO_x,"GCA oxidase","photorespiration",6.06956563100118,6.08087669835518,4.06420304691621,4.07950628485081
CAT_x,"Catalase","photorespiration",3.03478281550059,3.04043834917756,2.03210152345811,2.03975314242585
GGAT_x,"Glu:GLX aminotransferase","photorespiration, glycine synthesis",6.06956563100118,6.08087669835518,4.06420304691621,4.07950628485081
GlyDH_m,"Gly dehydrogenase","photorespiration",3.2553743423032,3.26302740353587,2.19027596285422,2.33104950989754
AMT_m,"Aminomethyltransferase","photorespiration",3.2553743423032,3.26302740353587,2.19027596285422,2.33104950989754
DHLDH1_m,"DHL dehydrogenase","photorespiration",3.2553743423032,3.26302740353587,2.19027596285422,2.33104950989754
GlyHMT_m,"Gly hydroxymethyltransferase","photorespiration",3.2553743423032,3.26302740353587,2.19027596285422,2.33104950989754
DAHPS_h,"DAHP synthase","Shikimate pathway",0.0864225137158148,0.0867969088148686,0.0577821588156713,0.0579590991929425
DHQS_h,"DHQ synthase","Shikimate pathway",0.0864225137158148,0.0867969088148686,0.0577821588156713,0.0579590991929425
DHQDH_h,"DHQ dehydratase","Shikimate pathway",0.0864225137158148,0.0867969088148686,0.0577821588156713,0.0579590991929425
SADH_h,"SA dehydrogenase","Shikimate pathway",0.0864225137158148,0.0867969088148686,0.0577821588156713,0.0579590991929425
SAK_h,"SA kinase","Shikimate pathway",0.0861722115068915,0.0865466066059251,0.0576148065672137,0.057791746944485
EPSPS_h,"EPSP synthase","Shikimate pathway",0.0861722115068915,0.0865466066059251,0.0576148065672137,0.057791746944485
CHRS_h,"CHR synthase","Shikimate pathway",0.0861722115068915,0.0865466066059251,0.0576148065672137,0.057791746944485
PyrPiDK_h,"Pyr phosphate dikinase","pyruvate metabolism",-0.776408835755656,-0.66161291732059,-0.620570997818002,0.0417826205794295
iCitDHNADP_c,"iCit dehydrogenase","pyruvate metabolism",2.94556791659812,3.49597844608252,1.78884732225989,2.33928303572794
ACoAC_h,"A-CoA carboxylase","fatty acid synthesis",0.51478827128642,0.518665806019938,0.344187832180841,0.347748010948198
ACPM_h,"M-CoA:ACP malonyltransferase","fatty acid synthesis",0.51478827128642,0.518665806019938,0.344187832180841,0.347748010948198
PPiase_h,"inorganic PPiase","pyrophosphate recycling",0.388515545756911,0.492548394889145,2.86635668983977,4.44380566761133
ForDH_h,"For dehydrogenase","THF recycling",0.0246379637230896,0.024762762089128,0.0164729614022684,0.0165319415280306
ForTHFL_h,"For-THF ligase","THF recycling",0.0246379637230896,0.024762762089128,0.0164729614022684,0.0165319415280306
DHFR_c,"Dihydrofolate reductase","THF recycling",0.000457261558285512,0.000457261558285512,0.000305725427839602,0.000305725427839602
TRXR_c,"Thioredoxin reductase","TRX recycling",0.0014182229815221,0.00141964262414623,0.000948224970897445,0.000948224970897445
NO2R_h,"Fd-NO2 reductase","nitrate assimilation",0,0.0459183673694395,1.09512475079431,1.14664187125667
HCO3DHA_h,"HCO3 dehydratase","carbon fixation",0.567410099848348,0.571287634582332,0.379370827032101,0.385783601740294
AlaTA_x,"Ala transaminase","alanine synthesis",-3.55014754801299,-2.91656120893668,-2.83360121864897,-1.3659393219414
AGluK,"A-Glu kinase","arginine synthesis",0.0522130315412737,0.0559334812795713,0.0349096728502845,0.0413224475583127
AGluPR_h,"A-GluP reductase","arginine synthesis",0.0522130315412737,0.0559334812795713,0.0349096728502845,0.0413224475583127
AOrnTA_h,"A-Orn transaminase","arginine synthesis",0.0522130315412737,0.0559334812795713,0.0349096728502845,0.0413224475583127
AOrnAGluAcT_h,"A-Orn:A-Glu acetyltransferase","arginine synthesis",0.0522130315412737,0.0559334812795713,0.0349096728502845,0.0413224475583127
CBPS_h,"CBP synthase","arginine synthesis, UMP synthesis",0.0526218285620599,0.0563422783002621,0.0351829948512592,0.041595769559418
OrnCMT_h,"Orn carbamoyltransferase","arginine synthesis",0.0511658992067486,0.0548863489449061,0.0342095593699874,0.0406223340781466
ArgSCAS_h,"Arg-SCA synthase","arginine synthesis",0.0511658992067486,0.0548863489449061,0.0342095593699874,0.0406223340781466
ArgSCAL_h,"Arg-SCA lyase","arginine synthesis",0.0511658992067486,0.0548863489449061,0.0342095593699874,0.0406223340781466
AspAT_h,"Asp aminotransferase","aspartate synthesis",0.916358545099808,0.931664667557683,0.618748338156686,0.900295432243113
SerAcT_c,"Ser O-acetyltransferase","cysteine synthesis",0.0205379021313822,0.0206627004972875,0.01373165708394,0.0137906372096982
SerAcT_h,"Ser O-acetyltransferase","cysteine synthesis",0.02218621781401,0.02218621781401,0.0148337222110513,0.0148927023368501
CysS_c,"Cys synthase","cysteine synthesis",0.0205379021313822,0.0206627004972875,0.01373165708394,0.0137906372096982
CysS_h,"Cys synthase","cysteine synthesis",0.02218621781401,0.02218621781401,0.0148337222110513,0.0148927023368501
GluDH3NADP_c,"Glu dehydrogenase","glutamate synthesis",-3.5772787706681,-2.94369243206938,-2.69449189286009,-1.35129802005123
GluDC_c,"Glu decarboxylase","glutamate degradation",3.25501760687897,3.26367853250334,2.19003744927365,2.33081099631858
SCASeADH_m,"SCA-SeA dehydrogenase","glutamate degradation",3.25495555932538,3.2636164849599,2.18999596423916,2.33057123958487
GCAO_h,"GCA oxidase","glycine synthesis",0.00134819591589908,0.00134954546135629,0.000901404821228469,0.000901404821228469
CAT_h,"Catalase","glycine synthesis",0.000674097957949538,0.000674097957949538,0.000450702410614234,0.000450702410614234
ATPPRT_h,"ATP PR-transferase","histidine synthesis",0.0219415718912614,0.0220663702573467,0.0146701517597876,0.0146701517597876
PrATPDP_h,"Pr-ATP diphosphatase","histidine synthesis",0.0219415718912614,0.0220663702573467,0.0146701517597876,0.0146701517597876
PrAMPCy_h,"Pr-AMP cyclohydrolase","histidine synthesis",0.0219415718912614,0.0220663702573467,0.0146701517597876,0.0146701517597876
PAICARPI_h,"P-AICAR-P isomerase","histidine synthesis",0.0219415718912614,0.0220663702573467,0.0146701517597876,0.0146701517597876
IGPS_h,"ImGP synthase","histidine synthesis",0.0219415718912614,0.0220663702573467,0.0146701517597876,0.0146701517597876
IGPDA_h,"ImGP dehydratase","histidine synthesis",0.0219415718912614,0.0220663702573467,0.0146701517597876,0.0146701517597876
HisolPTA_h,"Hisol-P transaminase","histidine synthesis",0.0219415718912614,0.0220663702573467,0.0146701517597876,0.0146701517597876
HisolPP_h,"Hisol-P phosphatase","histidine synthesis",0.0219415718912614,0.0220663702573467,0.0146701517597876,0.0146701517597876
HisolPDH_h,"Hisol-P dehydrogenase","histidine synthesis",0.0219415718912614,0.0220663702573467,0.0146701517597876,0.0146701517597876
HisalPDH_h,"Hisal-P dehydrogenase","histidine synthesis",0.0219415718912614,0.0220663702573467,0.0146701517597876,0.0146701517597876
ThrDA_h,"Thr dehydratase","isoleucine synthesis",0.0592866297823278,0.0594114281482307,0.0396390860481056,0.0396980661738643
ALS1_h,"AL synthase","isoleucine synthesis, leucine synthesis, valine synthesis",0.26061608027236,0.260990475370307,0.174248110735514,0.174425051112792
ALS2_h,"AL synthase","isoleucine synthesis",0.0592866297823278,0.0594114281482307,0.0396390860481056,0.0396980661738643
KARI1_h,"Ketol-acid reductoisomerase","isoleucine synthesis",0.0592866297823278,0.0594114281482307,0.0396390860481056,0.0396980661738643
KARI2_h,"Ketol-acid reductoisomerase","isoleucine synthesis",0.0592866297823278,0.0594114281482307,0.0396390860481056,0.0396980661738643
DHADA1_h,"DH-acid dehydratase","isoleucine synthesis",0.0592866297823278,0.0594114281482307,0.0396390860481056,0.0396980661738643
BAATA1_h,"B.-chain-aa transaminase","isoleucine synthesis",0.0592866297823278,0.0594114281482307,0.0396390860481056,0.0396980661738643
ALS3_h,"AL synthase","leucine synthesis, valine synthesis",0.201329450490032,0.201579047222073,0.134609024687409,0.134726984938927
KARI3_h,"Ketol-acid reductoisomerase","leucine synthesis, valine synthesis",0.201329450490032,0.201579047222073,0.134609024687409,0.134726984938927
KARI4_h,"Ketol-acid reductoisomerase","leucine synthesis, valine synthesis",0.201329450490032,0.201579047222073,0.134609024687409,0.134726984938927
DHADA2_h,"DH-acid dehydratase","leucine synthesis, valine synthesis",0.201329450490032,0.201579047222073,0.134609024687409,0.134726984938927
2IPMS_h,"2-IPM synthase","leucine synthesis",0.104790553628845,0.104790553628845,0.0700630443589666,0.0701220244847256
3IPMDA1_h,"3-IPM dehydratase","leucine synthesis",0.104790553628845,0.104790553628845,0.0700630443589666,0.0701220244847256
3IPMDA2_h,"3-IPM dehydratase","leucine synthesis",0.104790553628845,0.104790553628845,0.0700630443589666,0.0701220244847256
3IPMDH_h,"3-IPM dehydrogenase","leucine synthesis",0.104790553628845,0.104790553628845,0.0700630443589666,0.0701220244847256
IPODC_h,"spontaneous","leucine synthesis",0.104790553628845,0.104790553628845,0.0700630443589666,0.0701220244847256
BAATA2_h,"B.-chain-aa transaminase","leucine synthesis",0.104790553628845,0.104790553628845,0.0700630443589666,0.0701220244847256
DHDS_h,"DHD synthase","lysine synthesis",0.0683727636487368,0.068497562014639,0.0457140821053541,0.0457730622311135
DAPAT_h,"DAP aminotransferase","lysine synthesis",0.0683727636487368,0.068497562014635,0.0457140821053541,0.0457730622311123
DAPE_h,"DAP epimerase","lysine synthesis",0.0683727636487368,0.068497562014635,0.0457140821053541,0.0457730622311123
DAPDC_h,"DAP decarboxylase","lysine synthesis",0.0683727636487368,0.068497562014635,0.0457140821053541,0.0457730622311123
CTHS_h,"CTH synthase","methionine synthesis",0.02218621781401,0.02218621781401,0.0148337222110513,0.0148927023368501
CTHL_h,"CTH beta-lyase","methionine synthesis",0.02218621781401,0.02218621781401,0.0148337222110513,0.0148927023368501
5M-THFOR_c,"5M-THF oxidoreductase","methionine synthesis, THF recycling",0.02218621781401,0.02218621781401,0.0148337222110513,0.0148927023368501
MetS_c,"Met synthase","methionine synthesis",0.02218621781401,0.02218621781401,0.0148337222110513,0.0148927023368501
GlyHMT_c,"Gly hydroxymethyltransferase","methionine synthesis, THF recycling",-0.0227682777384918,-0.02264347937205,-0.0151984277646888,-0.0151394476387168
CHRM_c,"CHR mutase","phenylalanine synthesis, tyrosine synthesis",0.0750371622628782,0.0752867589946863,0.0501699041194361,0.0502878643709524
GPAT_h,"Glu:PRE aminotransferase","phenylalanine synthesis, tyrosine synthesis",0.0750371622628782,0.0752867589946863,0.0501699041194361,0.0502878643709524
AGNDA_h,"AGN dehydratase","phenylalanine synthesis",0.0439974113217305,0.0441222096876338,0.0294167028835872,0.0294756830093471
GluK_h,"Glu kinase","proline synthesis",0,0.0918367348495375,0.318062097635578,1.81221524477477
GluSeADH_h,"GluSeA dehydrogenase","proline synthesis",0,0.0918367348495375,0.318062097635578,1.81221524477477
GluSeADA_h,"spontaneous","proline synthesis",0,0.0918367348495375,0.318062097635578,1.81221524477477
SerRM_c,"Ser racemase","serine racemization",3.11484246278823,3.16076083016516,2.09754459360778,2.35797551130559
ANTS_h,"ANT synthase","tryptophan synthesis",0.0111350492451265,0.0112598476112672,0.00744490244777755,0.00750388257353569
ANTPRT_h,"ANT PR-transferase","tryptophan synthesis",0.0111350492451265,0.0112598476112672,0.00744490244777755,0.00750388257353569
PRANTI_h,"PR-ANT isomerase","tryptophan synthesis",0.0111350492451265,0.0112598476112672,0.00744490244777755,0.00750388257353569
IndGPS_h,"Ind-GP synthase","tryptophan synthesis",0.0111350492451265,0.0112598476112672,0.00744490244777755,0.00750388257353569
IndGPL_h,"Ind-GP lyase","tryptophan synthesis",0.0111350492451265,0.0112598476112672,0.00744490244777755,0.00750388257353569
TrpS_h,"Trp synthase","tryptophan synthesis",0.0111350492451265,0.0112598476112672,0.00744490244777755,0.00750388257353569
AGNDH_h,"AGN dehydrogenase","tyrosine synthesis",0.0310397509411478,0.0310397509411478,0.0207532012358489,0.0208121813616089
BAATA3_h,"B.-chain-aa transaminase","valine synthesis",0.0965388968611866,0.0966636952270815,0.0645459803284422,0.0646049604542022
ATase_h,"ATase","IMP synthesis",0.00134819591588093,0.00134819591588093,0.000901404821228469,0.000901404821228469
PRAGlyL_h,"PRA-Gly ligase","IMP synthesis",0.00134819591588093,0.00134819591588093,0.000901404821228469,0.000901404821228469
GARFT_h,"GAR formyltransferase","IMP synthesis",0.00134819591588093,0.00134819591588093,0.000901404821228469,0.000901404821228469
FGAMS_h,"FGAM synthase","IMP synthesis",0.00134819591588093,0.00134819591588093,0.000901404821228469,0.000901404821228469
FGAMCL_h,"FGAM cyclo-ligase","IMP synthesis",0.00134819591588093,0.00134819591588093,0.000901404821228469,0.000901404821228469
AIRC_h,"AIR carboxylase","IMP synthesis",0.00134819591588093,0.00134819591588093,0.000901404821228469,0.000901404821228469
SAICARS_h,"SAICAR synthase","IMP synthesis",0.00134819591588093,0.00134819591588093,0.000901404821228469,0.000901404821228469
DCAMPL1_h,"Adenylo-SCA lyase","IMP synthesis",0.00134819591588093,0.00134819591588093,0.000901404821228469,0.000901404821228469
AICARFT_h,"AICAR formyltransferase","IMP synthesis",0.0232897678071755,0.0234145661732014,0.015571556581028,0.015571556581028
IMPCH_h,"IMP cyclohydrolase","IMP synthesis",0.0232897678071755,0.0234145661732014,0.015571556581028,0.015571556581028
AMPDA_c,"AMP deaminase","GMP synthesis",0.000512293195718352,0.000512293195718352,0.000342519622746238,0.000342519622746238
IMPDH_c,"IMP dehydrogenase","GMP synthesis",0.000512293195718352,0.000512293195718352,0.000342519622746238,0.000342519622746238
GMPS_c,"GMP synthase","GMP synthesis",0.000512293195718352,0.000512293195718352,0.000342519622746238,0.000342519622746238
DCAMPS_h,"Adenylo-SCA synthase","AMP synthesis",0.0232897678071755,0.0234145661732014,0.015571556581028,0.015571556581028
DCAMPL2_h,"Adenylo-SCA lyase","AMP synthesis",0.0232897678071755,0.0234145661732014,0.015571556581028,0.015571556581028
AspCT_h,"Asp carbamoyltransferase","UMP synthesis",0.00145592935531125,0.00145735030197391,0.000973435481271825,0.000973435481271825
DHOase_h,"DHOase","UMP synthesis",0.00145592935531125,0.00145735030197391,0.000973435481271825,0.000973435481271825
DHODH_m,"DHO dehydrogenase","UMP synthesis",0.00145592935531125,0.00145735030197391,0.000973435481271825,0.000973435481271825
OROPRT_c,"ORO PR-transferase","UMP synthesis",0.00145592935531125,0.00145735030197391,0.000973435481271825,0.000973435481271825
OMPDC_c,"OMP decarboxylase","UMP synthesis",0.00145592935531125,0.00145735030197391,0.000973435481271825,0.000973435481271825
CTPS_c,"CTP synthase","CTP synthesis",0.000594035439614458,0.000594035439614458,0.000397172549577454,0.000397172549577454
GMPK_c,"guanylate kinase","nucleotide metabolism",0.000512293195718352,0.000512293195718352,0.000342519622746238,0.000342519622746238
NMPK_c,"UMP/CMP kinase","nucleotide metabolism",0.00145592935531125,0.00145735030197391,0.000973435481271825,0.000973435481271825
CTPP_c,"Nucleoside-triphosphatase","nucleotide metabolism",0.000266419654187338,0.000266419654187338,0.000178128384696719,0.000178128384696719
ADPR_c,"Ribonucleoside-diphosphate reductase","nucleotide metabolism",0.000449407438767033,0.000449407438767033,0.000300474157518315,0.000300474157518315
CDPR_c,"Ribonucleoside-diphosphate reductase","nucleotide metabolism",0.000266419654187338,0.000266419654187338,0.000178128384696719,0.000178128384696719
GDPR_c,"Ribonucleoside-diphosphate reductase","nucleotide metabolism",0.000245134330282216,0.000245134330282216,0.000163897000842809,0.000163897000842809
UDPR_c,"Ribonucleoside-diphosphate reductase","nucleotide metabolism",0.000457261558285512,0.000457261558285512,0.000305725427839602,0.000305725427839602
dUTPP_c,"Deoxyuridine-triphosphatase","nucleotide metabolism",0.000457261558285512,0.000457261558285512,0.000305725427839602,0.000305725427839602
dTMPS_c,"Thymidylate synthase","nucleotide metabolism",0.000457261558285512,0.000457261558285512,0.000305725427839602,0.000305725427839602
dTMPK_c,"Thymidine monophosphate kinase","nucleotide metabolism",0.000457261558285512,0.000457261558285512,0.000305725427839602,0.000305725427839602
GDPK_c,"Nucleoside-diphosphate kinase","nucleotide metabolism",0.000267158865436136,0.000267158865436136,0.000178622621903428,0.000178622621903428
GDPK_h,"Nucleoside-diphosphate kinase","nucleotide metabolism",0.0232897678071755,0.0234145661732014,0.015571556581028,0.015571556581028
dADPK_c,"Nucleoside-diphosphate kinase","nucleotide metabolism",0.000449407438767033,0.000449407438767033,0.000300474157518315,0.000300474157518315
dCDPK_c,"Nucleoside-diphosphate kinase","nucleotide metabolism",0.000266419654187338,0.000266419654187338,0.000178128384696719,0.000178128384696719
dGDPK_c,"Nucleoside-diphosphate kinase","nucleotide metabolism",0.000245134330282216,0.000245134330282216,0.000163897000842809,0.000163897000842809
dTDPK_c,"Nucleoside-diphosphate kinase","nucleotide metabolism",0.000457261558285512,0.000457261558285512,0.000305725427839602,0.000305725427839602
dUDPK_c,"Nucleoside-diphosphate kinase","nucleotide metabolism",0.000457261558285512,0.000457261558285512,0.000305725427839602,0.000305725427839602
Tr_NO2,"NO2 transporter","transport",0,0.0459183673694395,1.09512475079431,1.14664187125667
Tr_TPT1,"TP/Pi translocator","transport",-12.6462717182173,-10.484348108736,-16.9002241564481,-15.2759110588421
Tr_GCA1,"GCA/GCEA shuffle","transport",6.06956563100118,6.08087669835518,4.06420304691621,4.07950628485149
Tr_GPT1,"G6P exporter","transport",6.55010932026033,6.9294314771415,4.60858125992624,5.85502634060879
Tr_BAT11,"B0,+-type amino acid transporter 1","transport",-3.70239271819431,-3.06880637919946,-2.56867380916067,-1.46773055920122
Tr_BAT15,"B0,+-type amino acid transporter 1","transport",3.25495555933402,3.26361648496007,2.18999596423881,2.33076951128206
Tr_P5C1,"P5C exporter","transport",0,0.0918367347477003,0.318062099182399,1.81221524515699
Tr_Fum,"Fum exporter","transport",0.0758038629297617,0.079524312668171,0.0506825207722394,0.0570952954802297
Tr_HCys,"H-Cys exporter","transport",0.02218621781401,0.02218621781401,0.0148337222110513,0.0148927023368501
Tr_ORO,"ORO exporter","transport",0.00145592935531125,0.00145735030197391,0.000973435481271825,0.000973435481271825
Tr_DHO1,"DHO shuffle","transport",0.00145592935531125,0.00145735030197391,0.000973435481271825,0.000973435481271825
Tr_DHO2,"DHO shuffle","transport",0.00145592935531125,0.00145735030197391,0.000973435481271825,0.000973435481271825
Tr_GlySer,"Gly/Ser shuffle","transport",6.5107486846064,6.52605480707166,4.38055192570844,4.66209901979508
Tr_O2h,"O2 diffusion","transport",-29.6426977894202,-29.6069835036759,-26.5722413681511,-26.1873088644704
Tr_O2p,"O2 diffusion","transport",3.03478281550059,3.04043834917756,2.03210152345811,2.03975314242543
Tr_CO2h,"CO2 diffusion","transport",25.7604352062293,25.8817225239756,17.0207234225878,17.3215586095763
Tr_CO2m,"CO2 diffusion","transport",-6.78055161614632,-6.76322976489491,-4.54329065566795,-4.5309638093823
Tr_H2Oh,"H2O diffusion","transport",26.8283590229097,29.0483971140992,21.1628308221022,24.2074073946616
Tr_H2Op,"H2O diffusion","transport",-6.08104522285895,-6.06956563100114,-4.07950628484303,-4.06427383920007
Tr_NH41,"NH4 diffusion","transport",1.3902122442544,1.52796734636944,-0.00577535857036415,0.953685647324421
Tr_Pyr2,"Pyr diffusion","transport",6.57666180179714,7.21024814040199,3.74311367816388,4.8254628073238
Tr_Pyr3,"Pyr diffusion","transport",-3.55014754801299,-2.91656120893668,-2.83360121864897,-1.36593932194169
Tr_GCA2,"GCA diffusion","transport",6.06956563100118,6.08087669835518,4.06420304691621,4.0795062848511
Tr_Ala1,"Ala diffusion","transport",2.91656120893585,3.55014754800932,1.36593932193368,2.83360121877785
Tr_Gly,"Gly diffusion","transport",-6.08104522285895,-6.06956563100114,-4.07950628484303,-4.06427383920007
Tr_Arg2,"Arg exporter","transport",0.0511658992067486,0.0548863489449061,0.0342095593699874,0.0406223340781466
Tr_Glu2,"Glu importer","transport",0.96857157664182,1.06040831149419,1.16150398893278,2.65108425842611
Tr_His2,"His exporter","transport",0.0219415718912614,0.0220663702573467,0.0146701517597876,0.0146701517597876
Tr_Ile2,"Ile exporter","transport",0.0592866297823278,0.0594114281482307,0.0396390860481056,0.0396980661738643
Tr_Leu2,"Leu exporter","transport",0.104790553628845,0.104790553628845,0.0700630443589666,0.0701220244847256
Tr_Lys2,"Lys exporter","transport",0.0683727636487368,0.068497562014635,0.0457140821053541,0.0457730622311123
Tr_Phe2,"Phe exporter","transport",0.0439974113217305,0.0441222096876338,0.0294167028835872,0.0294756830093471
Tr_Ser3,"Ser importer","transport",3.2553743423032,3.26302740353587,2.19027596285422,2.33104950989754
Tr_Trp2,"Trp exporter","transport",0.0111350492451265,0.0112598476112672,0.00744490244777755,0.00750388257353569
Tr_Tyr2,"Tyr exporter","transport",0.0310397509411478,0.0310397509411478,0.0207532012358489,0.0208121813616089
Tr_Val2,"Val exporter","transport",0.0965388968611866,0.0966636952270815,0.0645459803284422,0.0646049604542022
Si_H,"Proton sink/source for charge balancing of im-/export","im-/export",-5.06852161231519,-4.80194288183644,-8.2783030925914,-6.15544116255671
Im_hnu,"Import Photon","import",285.428571428073,285.714285714286,242.145338052376,245.224798081824
Im_CO2,"Import CO2","import",13.6100801502405,13.6240765872002,9.09971000507238,9.11032323757162
Im_H2O,"Import H2O","import",9.41064035184775,9.4909974947581,7.37133024012327,7.46592663924731
Im_Pi,"Import Pi","import",0.00841237581361143,0.00842079661020456,0.00562452090761262,0.00562452090761262
Im_NO3,"Import NO3","import",0,0.0459183673696018,1.09512475078774,1.14664187125669
Im_NH4,"Import NH4","import",1.66652691421052,1.71601130375475,0,0.0498174751237488
Ex_O2,"Export O2","export",13.1692602704549,13.2610970052049,10.9952269976319,11.1397466790606
NGAM_h,"Maintenance","maintenance",0,0.0918367347484903,0.498529129475022,7.89731204675495
Bio_opt,"Light limiting biomass","biomass reaction",0.000660010043569683,0.000660010043569683,0.00044128322027627,0.00044128322027627
