Row,CONC_LB_WT,CONC_UB_WT,TFA_CONC_WT,E_MINUS_LOG_WT,E_PLUS_LOG_WT,CONC_LB_MUT,CONC_UB_MUT,TFA_CONC_MUT,E_MINUS_LOG_MUT,E_PLUS_LOG_MUT
Pi_h,6.41918618954562e-06,8.15337836378518e-06,6.41918618954562e-06,0,0,6.91931900951506e-06,7.52380684854241e-06,6.91931900951506e-06,0,0
Mas_h,8.47422667589068e-07,1.04681963293011e-06,2.64540902461865e-05,0,3.22965414035093,8.90793758587432e-07,9.90809107903234e-07,2.7808010549747e-05,0,3.33455751739623
Glc_h,2.07098077963042e-05,3.79293589595346e-05,3.79293589595346e-05,0,0,8.62366877936935e-06,1.05153897369711e-05,1.05153897369711e-05,0,0
Mas_c,8.47422667589068e-07,1.04681963293011e-06,8.47422667589068e-07,0,0,8.90793758587432e-07,9.90809107903234e-07,8.90793758587431e-07,0,0
Glc_c,2.07098077963042e-05,3.79293589595346e-05,3.19164659389795e-05,0,0,8.62366877936935e-06,1.05153897369711e-05,8.84839838008295e-06,0,0
Pi_c,6.41918618954562e-06,8.15337836378518e-06,8.15337836378518e-06,0,0,6.91931900951506e-06,7.52380684854241e-06,6.91931900951506e-06,0,0
Suc_c,3.20407494796732e-05,3.4874162272627e-05,3.4874162272627e-05,0,0,3.06041668766057e-05,3.25365600685285e-05,3.06041668766057e-05,0,0
Frc_c,7.15536233491351e-06,1.5166050931122e-05,7.15536233491351e-06,0,0,3.52700698860893e-06,3.63051494318749e-06,3.52700698860893e-06,0,0
Mal_c,1.87545193189609e-05,2.48695217737138e-05,7.60527498195332e-05,0,1.11778414751142,7.59975240519201e-05,8.93691770876225e-05,0.000308182821714936,0,1.23791733644842
Pyr_c,7.65248152839034e-07,1.03679959112683e-06,1.03679959112683e-06,0,0,3.12568695433602e-06,4.30543891299202e-06,3.12568695433602e-06,0,0
Pyr_h,7.65248152839034e-07,1.03679959112683e-06,7.65248152839034e-07,0,0,3.12568695433602e-06,4.30543891299202e-06,3.12568695433602e-06,0,0
Pyr_m,7.65248152839034e-07,1.03679959112683e-06,7.35040868185401e-06,0,1.95861726239719,3.12568695433602e-06,4.30543891299202e-06,3.12568695433602e-06,0,0
Cit_m,3.49895401443544e-06,3.86798405750264e-06,3.49895401443543e-06,0,0,4.9618883785553e-06,7.01759803756913e-06,7.01759803756913e-06,0,0
KG_m,2.54683636302457e-06,2.67262966295259e-06,2.54683636302457e-06,0,0,3.32497766115307e-06,3.4225128468879e-06,3.32497766115307e-06,0,0
Pi_m,6.41918618954562e-06,8.15337836378518e-06,1.53830809592636e-05,0,0.634835901938899,6.91931900951506e-06,7.52380684854241e-06,1.53830809592635e-05,0,0.715196026734496
SCA_m,7.13916832310638e-06,8.60422425868838e-06,7.13916832310638e-06,0,0,1.69903653662322e-05,2.12025457161762e-05,1.69903653662322e-05,0,0
Fum_m,1.70231775381987e-05,1.74841034069035e-05,1.74841034069035e-05,0,0,3.32537644817122e-05,4.25268256269328e-05,4.25268256269328e-05,0,0
Mal_m,1.87545193189609e-05,2.48695217737138e-05,1.87545193189609e-05,0,0,7.59975240519201e-05,8.93691770876225e-05,7.59975240519202e-05,0,0
GCA_h,1.29952014436645e-05,1.66028508186401e-05,1.660285081864e-05,0,0,4.05061122441832e-05,6.34197744221711e-05,6.34197744221711e-05,0,0
GCA_x,1.29952014436645e-05,1.66028508186401e-05,1.29952014436645e-05,0,0,4.05061122441832e-05,6.34197744221711e-05,4.05061122441834e-05,0,0
Glu_x,0.000100829308052418,0.000104221160702374,0.000100829308052418,0,0,8.96218616930641e-05,0.000116107687911553,8.96218616930641e-05,0,0
Gly_x,2.53689603528289e-05,2.73589918770133e-05,2.53689603528289e-05,0,0,3.43697800503488e-05,3.7811647416741e-05,3.7811647416741e-05,0,0
KG_x,2.54683636302457e-06,2.67262966295259e-06,2.54683636302457e-06,0,0,3.32497766115307e-06,3.4225128468879e-06,3.32497766115307e-06,0,0
Gly_m,2.53689603528289e-05,2.73589918770133e-05,2.5368960352829e-05,-3.5527136788005e-15,0,3.43697800503488e-05,3.7811647416741e-05,3.43697800503489e-05,-3.5527136788005e-15,0
Ser_m,2.8615772725224e-05,3.6904147857366e-05,2.8615772725224e-05,0,0,9.50122100002519e-05,0.000102463265364319,0.000102463265364319,0,0
Ser_x,2.8615772725224e-05,3.6904147857366e-05,2.8615772725224e-05,0,0,9.50122100002519e-05,0.000102463265364319,9.50122100002519e-05,0,0
GCEA_x,3.27370600143705e-05,4.37669982650951e-05,3.27370600143706e-05,-3.5527136788005e-15,0,8.31194908548422e-05,0.000113412242380543,8.31194908548425e-05,0,0
Mal_x,1.87545193189609e-05,2.48695217737138e-05,1.87545193189609e-05,0,0,7.59975240519201e-05,8.93691770876225e-05,7.59975240519204e-05,0,0
GCEA_h,3.27370600143705e-05,4.37669982650951e-05,4.37669982650951e-05,0,0,8.31194908548422e-05,0.000113412242380543,0.000113412242380543,0,0
Mal_h,1.87545193189609e-05,2.48695217737138e-05,3.82472931757424e-07,3.89253214858473,0,7.59975240519201e-05,8.93691770876225e-05,1.54986621283631e-06,3.89253214858473,0
Cit_c,3.49895401443544e-06,3.86798405750264e-06,3.86798405750264e-06,0,0,4.9618883785553e-06,7.01759803756913e-06,4.9618883785553e-06,0,0
Cit_h,3.49895401443544e-06,3.86798405750264e-06,3.49895401443543e-06,0,0,4.9618883785553e-06,7.01759803756913e-06,4.9618883785553e-06,0,0
KG_c,2.54683636302457e-06,2.67262966295259e-06,2.54683636302457e-06,0,0,3.32497766115307e-06,3.4225128468879e-06,3.32497766115307e-06,0,0
KG_h,2.54683636302457e-06,2.67262966295259e-06,9.99999999999998e-09,5.54002213297393,0,3.32497766115307e-06,3.4225128468879e-06,9.99999999999991e-09,5.80663314162314,0
SCA_c,7.13916832310638e-06,8.60422425868838e-06,8.60422425868837e-06,0,0,1.69903653662322e-05,2.12025457161762e-05,1.69903653662322e-05,0,0
Glu_h,0.000100829308052418,0.000104221160702374,0.0217678285554029,0,5.34167321798024,8.96218616930641e-05,0.000116107687911553,0.0217678285554028,0,5.23367029991329
Ala_h,1.94348337712741e-05,3.68570746732877e-05,3.68570746732878e-05,0,0,1.61543944971519e-05,2.37896779944328e-05,2.37896779944328e-05,0,0
Glu_m,0.000100829308052418,0.000104221160702374,0.000851062236783112,0,2.09997007314474,8.96218616930641e-05,0.000116107687911553,8.96218616930641e-05,0,0
Ala_m,1.94348337712741e-05,3.68570746732877e-05,1.94348337712741e-05,0,0,1.61543944971519e-05,2.37896779944328e-05,1.61543944971519e-05,0,0
Pyr_x,7.65248152839034e-07,1.03679959112683e-06,7.65248152839034e-07,0,0,3.12568695433602e-06,4.30543891299202e-06,3.12568695433602e-06,0,0
Ala_x,1.94348337712741e-05,3.68570746732877e-05,1.94348337712741e-05,0,0,1.61543944971519e-05,2.37896779944328e-05,1.61543944971519e-05,0,0
Gln_h,2.66772360744491e-05,4.68847050751141e-05,2.66772360744491e-05,0,0,2.06368340760863e-05,3.23565582794422e-05,2.06368340760863e-05,0,0
Asp_h,7.76349981801396e-06,1.16759424995139e-05,1.16759424995139e-05,0,0,9.30720248455644e-06,1.07097469208098e-05,1.07097469208098e-05,0,0
Fum_h,1.70231775381987e-05,1.74841034069035e-05,7.76903575574472e-07,3.08701483476633,0,3.32537644817122e-05,4.25268256269328e-05,7.76903575652165e-07,3.75660701276343,0
Fum_c,1.70231775381987e-05,1.74841034069035e-05,1.70231775381987e-05,0,0,3.32537644817122e-05,4.25268256269328e-05,4.25268256269328e-05,0,0
Gln_c,2.66772360744491e-05,4.68847050751141e-05,2.66772360744491e-05,0,0,2.06368340760863e-05,3.23565582794422e-05,2.06368340760863e-05,0,0
Asp_c,7.76349981801396e-06,1.16759424995139e-05,7.76349981801396e-06,0,0,9.30720248455644e-06,1.07097469208098e-05,9.30720248455645e-06,0,0
Glu_c,0.000100829308052418,0.000104221160702374,0.000104221160702374,0,0,8.96218616930641e-05,0.000116107687911553,8.96218616930641e-05,0,0
Asn_c,1.32694656650067e-05,1.52582782948836e-05,1.32694656650068e-05,-3.5527136788005e-15,0,7.67673724736841e-06,9.00644788569118e-06,7.67673724736844e-06,-3.5527136788005e-15,0
Asp_m,7.76349981801396e-06,1.16759424995139e-05,7.76349981801398e-06,-3.5527136788005e-15,0,9.30720248455644e-06,1.07097469208098e-05,9.30720248455648e-06,-3.5527136788005e-15,0
Asp_x,7.76349981801396e-06,1.16759424995139e-05,7.76349981801396e-06,0,0,9.30720248455644e-06,1.07097469208098e-05,9.30720248455645e-06,0,0
Ser_c,2.8615772725224e-05,3.6904147857366e-05,3.6904147857366e-05,0,0,9.50122100002519e-05,0.000102463265364319,0.000102463265364319,0,0
Ser_h,2.8615772725224e-05,3.6904147857366e-05,3.6904147857366e-05,0,0,9.50122100002519e-05,0.000102463265364319,0.000102463265364319,0,0
GABA_c,3.05592989439929e-06,3.48069509008278e-06,3.05592989439929e-06,0,0,3.046256817802e-06,3.18217175551678e-06,3.046256817802e-06,0,0
GABA_m,3.05592989439929e-06,3.48069509008278e-06,3.48069509008278e-06,0,0,3.046256817802e-06,3.18217175551678e-06,3.18217175551678e-06,0,0
Gln_m,2.66772360744491e-05,4.68847050751141e-05,2.66772360744492e-05,-3.5527136788005e-15,0,2.06368340760863e-05,3.23565582794422e-05,2.06368340760864e-05,-3.5527136788005e-15,0
Thr_c,3.82782254320937e-05,4.95937383491504e-05,3.82782254320939e-05,-3.5527136788005e-15,0,3.81521757338343e-05,5.19529591748469e-05,3.81521757338344e-05,-3.5527136788005e-15,0
Gly_c,2.53689603528289e-05,2.73589918770133e-05,2.53689603528289e-05,0,0,3.43697800503488e-05,3.7811647416741e-05,3.43697800503488e-05,0,0
Gly_h,2.53689603528289e-05,2.73589918770133e-05,2.73589918770133e-05,0,0,3.43697800503488e-05,3.7811647416741e-05,3.7811647416741e-05,0,0
Thr_h,3.82782254320937e-05,4.95937383491504e-05,3.82782254320939e-05,-3.5527136788005e-15,0,3.81521757338343e-05,5.19529591748469e-05,3.81521757338344e-05,-3.5527136788005e-15,0
Ile_h,1.06166827763276e-06,1.25649845413873e-06,1.74941462123468e-06,0,0.330952382116235,1.57232839366735e-06,1.72472024435621e-06,2.59087922208369e-06,0,0.406932425944829
Leu_h,9.22155302873728e-07,1.05482322528644e-06,1.51952545242613e-06,0,0.365024889843403,1.25180301414289e-06,1.41499151194782e-06,2.06271821621172e-06,0,0.376901102975944
Lys_h,2.27684231219217e-06,2.69293880004052e-06,2.69293880004052e-06,0,0,2.30677808163534e-06,2.37897162439042e-06,2.37897162439042e-06,0,0
Met_c,1.61940766358973e-06,1.74652861593883e-06,1.61940766358973e-06,-3.5527136788005e-15,0,1.56497539731797e-06,1.68949003320104e-06,1.56497539731797e-06,-3.5527136788005e-15,0
Phe_h,2.84573904275258e-06,3.96177306951426e-06,3.96177306951426e-06,0,0,2.8085564504891e-06,2.94552034057077e-06,2.94552034057077e-06,0,0
Pro_c,7.75377124371849e-06,1.59242187115389e-05,7.75377124371849e-06,0,0,1.44345048787505e-05,1.64980182882122e-05,1.44345048787505e-05,0,0
Pro_m,7.75377124371849e-06,1.59242187115389e-05,1.59242187115389e-05,0,0,1.44345048787505e-05,1.64980182882122e-05,1.64980182882122e-05,0,0
Trp_h,1.33133061819831e-06,1.42996941847674e-06,1.58214625040272e-06,0,0.101129253235115,1.31483213694698e-06,1.43398034936485e-06,1.56253954272822e-06,0,0.0858583709425123
Val_h,2.93276091277781e-06,3.77884839748805e-06,3.77884839748805e-06,0,0,2.92405905266591e-06,3.53272308701129e-06,3.53272308701128e-06,0,0
GCA_c,1.29952014436645e-05,1.66028508186401e-05,1.29952014436645e-05,0,0,4.05061122441832e-05,6.34197744221711e-05,4.05061122441834e-05,0,0
GCEA_c,3.27370600143705e-05,4.37669982650951e-05,3.27370600143705e-05,0,0,8.31194908548422e-05,0.000113412242380543,8.31194908548422e-05,0,0
Ala_c,1.94348337712741e-05,3.68570746732877e-05,3.68570746732878e-05,0,0,1.61543944971519e-05,2.37896779944328e-05,1.61543944971519e-05,0,0
Lys_c,2.27684231219217e-06,2.69293880004052e-06,1.17863509346725e-06,0.658432463710882,0,2.30677808163534e-06,2.37897162439042e-06,1.04121914795358e-06,0.795459496838541,0
Lys_m,2.27684231219217e-06,2.69293880004052e-06,2.69293880004052e-06,0,0,2.30677808163534e-06,2.37897162439042e-06,2.37897162439042e-06,0,0
Asn_x,1.32694656650067e-05,1.52582782948836e-05,1.32694656650068e-05,0,0,7.67673724736841e-06,9.00644788569118e-06,7.67673724736844e-06,0,0
Gln_x,2.66772360744491e-05,4.68847050751141e-05,2.66772360744492e-05,0,0,2.06368340760863e-05,3.23565582794422e-05,2.06368340760864e-05,0,0
Ile_c,1.06166827763276e-06,1.25649845413873e-06,1.06166827763276e-06,0,0,1.57232839366735e-06,1.72472024435621e-06,1.57232839366735e-06,0,0
Ile_x,1.06166827763276e-06,1.25649845413873e-06,1.06166827763277e-06,0,0,1.57232839366735e-06,1.72472024435621e-06,1.57232839366735e-06,0,0
Leu_c,9.22155302873728e-07,1.05482322528644e-06,9.22155302873728e-07,0,0,1.25180301414289e-06,1.41499151194782e-06,1.25180301414289e-06,0,0
Leu_x,9.22155302873728e-07,1.05482322528644e-06,9.22155302873731e-07,0,0,1.25180301414289e-06,1.41499151194782e-06,1.25180301414289e-06,0,0
Lys_x,2.27684231219217e-06,2.69293880004052e-06,2.27684231219218e-06,-3.5527136788005e-15,0,2.30677808163534e-06,2.37897162439042e-06,2.30677808163535e-06,-3.5527136788005e-15,0
Met_x,1.61940766358973e-06,1.74652861593883e-06,1.61940766358973e-06,0,0,1.56497539731797e-06,1.68949003320104e-06,1.56497539731797e-06,0,0
Phe_c,2.84573904275258e-06,3.96177306951426e-06,2.84573904275259e-06,0,0,2.8085564504891e-06,2.94552034057077e-06,2.80855645048911e-06,0,0
Phe_x,2.84573904275258e-06,3.96177306951426e-06,2.84573904275259e-06,0,0,2.8085564504891e-06,2.94552034057077e-06,2.80855645048911e-06,0,0
Pro_x,7.75377124371849e-06,1.59242187115389e-05,7.75377124371852e-06,0,0,1.44345048787505e-05,1.64980182882122e-05,1.44345048787506e-05,0,0
Thr_x,3.82782254320937e-05,4.95937383491504e-05,3.82782254320939e-05,0,0,3.81521757338343e-05,5.19529591748469e-05,3.81521757338344e-05,0,0
Trp_c,1.33133061819831e-06,1.42996941847674e-06,1.33133061819831e-06,0,0,1.31483213694698e-06,1.43398034936485e-06,1.31483213694698e-06,0,0
Trp_x,1.33133061819831e-06,1.42996941847674e-06,1.33133061819831e-06,0,0,1.31483213694698e-06,1.43398034936485e-06,1.31483213694698e-06,0,0
Val_c,2.93276091277781e-06,3.77884839748805e-06,2.93276091277782e-06,0,0,2.92405905266591e-06,3.53272308701129e-06,2.92405905266592e-06,0,0
Val_x,2.93276091277781e-06,3.77884839748805e-06,2.93276091277782e-06,0,0,2.92405905266591e-06,3.53272308701129e-06,2.92405905266592e-06,0,0
Asn_h,1.32694656650067e-05,1.52582782948836e-05,1.32694656650068e-05,0,0,7.67673724736841e-06,9.00644788569118e-06,7.67673724736844e-06,0,0
Asn_m,1.32694656650067e-05,1.52582782948836e-05,1.32694656650068e-05,-3.5527136788005e-15,0,7.67673724736841e-06,9.00644788569118e-06,7.67673724736844e-06,-3.5527136788005e-15,0
Ile_m,1.06166827763276e-06,1.25649845413873e-06,1.06166827763277e-06,0,0,1.57232839366735e-06,1.72472024435621e-06,1.57232839366735e-06,0,0
Leu_m,9.22155302873728e-07,1.05482322528644e-06,9.22155302873731e-07,0,0,1.25180301414289e-06,1.41499151194782e-06,1.25180301414289e-06,0,0
Met_h,1.61940766358973e-06,1.74652861593883e-06,1.61940766358973e-06,0,0,1.56497539731797e-06,1.68949003320104e-06,1.56497539731797e-06,0,0
Met_m,1.61940766358973e-06,1.74652861593883e-06,1.61940766358973e-06,0,0,1.56497539731797e-06,1.68949003320104e-06,1.56497539731797e-06,0,0
Phe_m,2.84573904275258e-06,3.96177306951426e-06,2.84573904275259e-06,0,0,2.8085564504891e-06,2.94552034057077e-06,2.80855645048911e-06,0,0
Pro_h,7.75377124371849e-06,1.59242187115389e-05,7.75377124371852e-06,0,0,1.44345048787505e-05,1.64980182882122e-05,1.44345048787506e-05,0,0
Thr_m,3.82782254320937e-05,4.95937383491504e-05,3.82782254320939e-05,0,0,3.81521757338343e-05,5.19529591748469e-05,3.81521757338344e-05,0,0
Trp_m,1.33133061819831e-06,1.42996941847674e-06,1.33133061819831e-06,0,0,1.31483213694698e-06,1.43398034936485e-06,1.31483213694698e-06,0,0
Val_m,2.93276091277781e-06,3.77884839748805e-06,2.93276091277782e-06,0,0,2.92405905266591e-06,3.53272308701129e-06,2.92405905266592e-06,0,0
