Row,CONC_LB_WT,CONC_UB_WT,TFA_CONC_WT,E_PLUS_LOG_WT,E_MINUS_LOG_WT,CONC_LB_MUT,CONC_UB_MUT,TFA_CONC_MUT,E_PLUS_LOG_MUT,E_MINUS_LOG_MUT
Pi\_h,0.0066154586293148,0.00715586805528645,0.000389323057105207,2.83275492591359,0,0.00652936067915245,0.00685998490366058,0.000389323057105207,2.83275492591359,0
Mas\_h,0.00117686847472628,0.00131649125225484,0.0367384376522225,0,3.32885349921285,0.00128417368967192,0.00179866106004965,0.0367384376522225,0,3.32885349921285
Glc\_h,0.0309004382059747,0.0410294672507758,0.0410294672507758,0,-8.88178419700125e-16,0.0100439574354101,0.0114488240850994,0.0410294672507758,0,-8.88178419700125e-16
Mas\_c,0.00117686847472628,0.00131649125225484,0.00117686847472628,0,0,0.00128417368967192,0.00179866106004965,0.00117686847472628,0,0
Glc\_c,0.0309004382059747,0.0410294672507758,0.0309004382059747,0,0,0.0100439574354101,0.0114488240850994,0.0309004382059747,0,0
Pi\_c,0.0066154586293148,0.00715586805528645,0.0066154586293148,0,0,0.00652936067915245,0.00685998490366058,0.00715586805528645,0,0
Suc\_c,0.0336988925614342,0.0339087221493943,0.0336988925614342,0,0,0.0271476910693422,0.0285626997244047,0.0336988925614342,0,0
Frc\_c,0.00966678979478418,0.016577476430743,0.00966678979478417,0,0,0.00368047059141806,0.00397889608224257,0.00966678979478417,0,0
Mal\_c,0.0200808485539912,0.0338907214130237,0.00078213335996347,3.24549656853449,0,0.0773664208462285,0.111469140185738,0.00078213336004171,3.24549656843445,0
Pyr\_c,0.00066500346269895,0.00145511791243974,0.00066500346269895,0,0,0.00208318770989046,0.0032750357786215,0.00066500346269895,0,0
Pyr\_h,0.00066500346269895,0.00145511791243974,0.00066500346269895,0,0,0.00208318770989046,0.0032750357786215,0.00066500346269895,0,0
Pyr\_m,0.00066500346269895,0.00145511791243974,0.00066500346269895,0,0,0.00208318770989046,0.0032750357786215,0.00066500346269895,0,0
Cit\_m,0.00326103502698167,0.00374778485828196,0.00326103502698167,0,0,0.00613281269568876,0.0103694523949665,0.00326103502698167,0,0
KG\_m,0.00261373906748755,0.00298518039985117,0.00298518039985117,0,0,0.00291870028083835,0.00339254554441632,0.00261373906748755,0,0
Pi\_m,0.0066154586293148,0.00715586805528645,0.00715586805528645,0,0,0.00652936067915245,0.00685998490366058,0.0066154586293148,0,0
SCA\_m,0.00706497087052257,0.0127581966479359,0.0127581966479359,0,0,0.0214136608836742,0.0308686827429672,0.00706497087052257,0,0
Fum\_m,0.025253376005816,0.0345366619749545,0.0345366619749544,0,-8.88178419700125e-16,0.0474697842306413,0.0703162417532358,0.0345366619749544,0,-8.88178419700125e-16
Mal\_m,0.0200808485539912,0.0338907214130237,0.0200808485539912,0,0,0.0773664208462285,0.111469140185738,0.0200808485539912,0,0
GCA\_h,0.0163844383452734,0.0185107098086573,0.0163844383452735,0,0,0.0612417706355533,0.118053419587841,0.0163844383452735,0,0
GCA\_x,0.0163844383452734,0.0185107098086573,0.0163844383452735,0,0,0.0612417706355533,0.118053419587841,0.0163844383452735,0,0
Glu\_x,0.0854069388221111,0.11881569773818,0.05,0.535404342910099,0,0.0935968192532396,0.107681122165459,0.05,0.535404342910099,0
Gly\_x,0.0191481655033354,0.0267183980126215,0.0191481655033354,0,0,0.0359392900823347,0.0429696119515809,0.0191481655033354,0,0
KG\_x,0.00261373906748755,0.00298518039985117,0.00261373906748755,0,0,0.00291870028083835,0.00339254554441632,0.00261373906748755,0,0
Gly\_m,0.0191481655033354,0.0267183980126215,0.0191481655033354,-2.66453525910038e-15,0,0.0359392900823347,0.0429696119515809,0.0191481655033354,-2.66453525910038e-15,0
Ser\_m,0.0317512089330597,0.0367235018770723,0.0317512089330597,0,0,0.098017718010805,0.110696112082841,0.0317512089330597,0,0
Ser\_x,0.0317512089330597,0.0367235018770723,0.0317512089330598,-3.5527136788005e-15,0,0.098017718010805,0.110696112082841,0.0317512089330598,-3.5527136788005e-15,0
GCEA\_x,0.0455961807808961,0.0473123904144529,0.0455961807808961,0,0,0.11307162293955,0.156314561231043,0.0455961807808961,0,0
Mal\_x,0.0200808485539912,0.0338907214130237,0.0200808485539912,0,0,0.0773664208462285,0.111469140185738,0.0338907214130237,0,0
GCEA\_h,0.0455961807808961,0.0473123904144529,0.0455961807808961,0,0,0.11307162293955,0.156314561231043,0.0473123904144529,0,0
Mal\_h,0.0200808485539912,0.0338907214130237,3.93338623416456e-06,8.53802113950076,0,0.0773664208462285,0.111469140185738,3.93338623455807e-06,8.5380211394007,0
Cit\_c,0.00326103502698167,0.00374778485828196,0.00326103502698167,0,0,0.00613281269568876,0.0103694523949665,0.00326103502698167,0,0
Cit\_h,0.00326103502698167,0.00374778485828196,0.00326103502698167,0,0,0.00613281269568876,0.0103694523949665,0.00326103502698167,0,0
KG\_c,0.00261373906748755,0.00298518039985117,0.00261373906748755,0,0,0.00291870028083835,0.00339254554441632,0.00261373906748755,0,0
KG\_h,0.00261373906748755,0.00298518039985117,2.29696774176353e-08,11.6421173740594,0,0.00291870028083835,0.00339254554441632,2.29696774176356e-08,11.6421173740593,0
SCA\_c,0.00706497087052257,0.0127581966479359,0.00706497087052257,0,0,0.0214136608836742,0.0308686827429672,0.00706497087052257,0,0
Glu\_h,0.0854069388221111,0.11881569773818,0.05,0.535404342910099,0,0.0935968192532396,0.107681122165459,0.05,0.535404342910099,0
Ala\_h,0.0224088452863958,0.0254197139486827,0.0224088452863958,-2.66453525910038e-15,0,0.00924986546054967,0.0109945865646441,0.0224088452863958,-2.66453525910038e-15,0
Glu\_m,0.0854069388221111,0.11881569773818,0.05,0.535404342910099,0,0.0935968192532396,0.107681122165459,0.05,0.535404342910099,0
Ala\_m,0.0224088452863958,0.0254197139486827,0.0224088452863958,0,0,0.00924986546054967,0.0109945865646441,0.0224088452863958,0,0
Pyr\_x,0.00066500346269895,0.00145511791243974,0.00066500346269895,0,0,0.00208318770989046,0.0032750357786215,0.00145511791243974,0,0
Ala\_x,0.0224088452863958,0.0254197139486827,0.0224088452863958,0,0,0.00924986546054967,0.0109945865646441,0.0224088452863958,0,0
Gln\_h,0.0272025568224336,0.0384622860491381,0.0272025568224337,-3.5527136788005e-15,0,0.0213649352130087,0.0225314896109677,0.0272025568224336,0,0
Asp\_h,0.00944054283239319,0.0106583765405135,0.0106583765405134,0,-8.88178419700125e-16,0.00820513891220304,0.00858135915109242,0.0106583765405134,0,-8.88178419700125e-16
Fum\_h,0.025253376005816,0.0345366619749545,7.76903575574467e-07,10.3891541636418,0,0.0474697842306413,0.0703162417532358,7.76903575652165e-07,10.3891541635417,0
Fum\_c,0.025253376005816,0.0345366619749545,6.34852712371918e-05,5.98590719899295,0,0.0474697842306413,0.0703162417532358,6.34852712435418e-05,5.98590719889293,0
Gln\_c,0.0272025568224336,0.0384622860491381,0.0272025568224336,0,0,0.0213649352130087,0.0225314896109677,0.0272025568224336,0,0
Asp\_c,0.00944054283239319,0.0106583765405135,0.00944054283239319,0,0,0.00820513891220304,0.00858135915109242,0.00944054283239319,0,0
Glu\_c,0.0854069388221111,0.11881569773818,0.05,0.535404342910099,0,0.0935968192532396,0.107681122165459,0.05,0.535404342910099,0
Asn\_c,0.00940379282012778,0.0104354257471577,0.00940379282012782,-3.5527136788005e-15,0,0.00753395175629199,0.00944528894663057,0.00940379282012782,-3.5527136788005e-15,0
Asp\_m,0.00944054283239319,0.0106583765405135,0.00944054283239323,-4.44089209850063e-15,0,0.00820513891220304,0.00858135915109242,0.00944054283239323,-4.44089209850063e-15,0
Asp\_x,0.00944054283239319,0.0106583765405135,0.00944054283239319,0,0,0.00820513891220304,0.00858135915109242,0.00944054283239319,0,0
Ser\_c,0.0317512089330597,0.0367235018770723,0.0317512089330597,0,0,0.098017718010805,0.110696112082841,0.0317512089330597,0,0
Ser\_h,0.0317512089330597,0.0367235018770723,0.0317512089330598,-3.5527136788005e-15,0,0.098017718010805,0.110696112082841,0.0317512089330598,-3.5527136788005e-15,0
GABA\_c,0.00290432097695825,0.00356937121262974,0.00290432097695825,0,0,0.00306126258825229,0.00324575285372582,0.00356937121262974,0,0
GABA\_m,0.00290432097695825,0.00356937121262974,0.00290432097695825,0,0,0.00306126258825229,0.00324575285372582,0.00290432097695825,0,0
Gln\_m,0.0272025568224336,0.0384622860491381,0.0272025568224337,-3.5527136788005e-15,0,0.0213649352130087,0.0225314896109677,0.0272025568224337,-3.5527136788005e-15,0
Thr\_c,0.0357096965055054,0.046874811059998,0.0357096965055055,-3.10862446895044e-15,0,0.0483941549079933,0.0552975798194006,0.0357096965055055,-3.10862446895044e-15,0
Gly\_c,0.0191481655033354,0.0267183980126215,0.0191481655033354,0,0,0.0359392900823347,0.0429696119515809,0.0191481655033354,0,0
Gly\_h,0.0191481655033354,0.0267183980126215,0.0191481655033354,-8.88178419700125e-16,0,0.0359392900823347,0.0429696119515809,0.0267183980126215,0,0
Thr\_h,0.0357096965055054,0.046874811059998,0.0357096965055055,-3.10862446895044e-15,0,0.0483941549079933,0.0552975798194006,0.0357096965055055,-3.10862446895044e-15,0
Ile\_h,0.00112045357243482,0.00119037752498247,0.00184628089896657,0,0.438902786096562,0.00158305923671441,0.00186552913820996,0.00184628089896657,0,0.438902786096562
Leu\_h,0.000922977847183038,0.00106107361630321,0.00152088083910542,0,0.360008425313656,0.00118133040229805,0.00121299956286954,0.00152088083910542,0,0.360008425313656
Lys\_h,0.00232394780102519,0.00253210874568107,0.00253210874568107,0,0,0.00211547324376082,0.00217492799127097,0.00253210874568107,0,0
Met\_c,0.00156287924569175,0.00175997704785305,0.00156287924569176,-3.5527136788005e-15,0,0.00170473971101543,0.00179682868785299,0.00156287924569176,-3.5527136788005e-15,0
Phe\_h,0.0030793709240849,0.00368877896337561,0.00368877896337561,0,0,0.00265942273290518,0.002865756513933,0.00368877896337561,0,0
Pro\_c,0.0179829981485766,0.021511258699348,0.0179829981485766,0,0,0.0156911825118248,0.019038040071692,0.0179829981485766,0,0
Pro\_m,0.0179829981485766,0.021511258699348,0.0179829981485766,0,0,0.0156911825118248,0.019038040071692,0.021511258699348,0,0
Trp\_h,0.00136246625708642,0.00144208691455073,0.00161914767863351,0,0.115808575832115,0.00134079071681031,0.00139836020162249,0.00161914767863351,0,0.115808575832115
Val\_h,0.00316407061496304,0.00424384302667324,0.00424384302667324,0,0,0.00268349964189684,0.00284452610509034,0.00424384302667324,0,0
GCA\_c,0.0163844383452734,0.0185107098086573,0.0163844383452735,0,0,0.0612417706355533,0.118053419587841,0.0163844383452735,0,0
GCEA\_c,0.0455961807808961,0.0473123904144529,0.0455961807808963,-3.99680288865056e-15,0,0.11307162293955,0.156314561231043,0.0455961807808963,-3.99680288865056e-15,0
Ala\_c,0.0224088452863958,0.0254197139486827,0.0224088452863958,0,0,0.00924986546054967,0.0109945865646441,0.0224088452863958,0,0
Lys\_c,0.00232394780102519,0.00253210874568107,0.00110824361403614,0.740490945483612,0,0.00211547324376082,0.00217492799127097,0.00110824361403614,0.740490945483612,0
Lys\_m,0.00232394780102519,0.00253210874568107,0.00232394780102519,0,0,0.00211547324376082,0.00217492799127097,0.00253210874568107,0,0
Asn\_x,0.00940379282012778,0.0104354257471577,0.00940379282012782,0,0,0.00753395175629199,0.00944528894663057,0.00940379282012782,0,0
Gln\_x,0.0272025568224336,0.0384622860491381,0.0272025568224337,0,0,0.0213649352130087,0.0225314896109677,0.0272025568224337,0,0
Ile\_c,0.00112045357243482,0.00119037752498247,0.00112045357243482,0,0,0.00158305923671441,0.00186552913820996,0.00112045357243482,0,0
Ile\_x,0.00112045357243482,0.00119037752498247,0.00112045357243482,0,0,0.00158305923671441,0.00186552913820996,0.00112045357243482,0,0
Leu\_c,0.000922977847183038,0.00106107361630321,0.000922977847183038,0,0,0.00118133040229805,0.00121299956286954,0.000922977847183038,0,0
Leu\_x,0.000922977847183038,0.00106107361630321,0.000922977847183041,0,0,0.00118133040229805,0.00121299956286954,0.000922977847183041,0,0
Lys\_x,0.00232394780102519,0.00253210874568107,0.00232394780102519,-2.66453525910038e-15,0,0.00211547324376082,0.00217492799127097,0.00232394780102519,-2.66453525910038e-15,0
Met\_x,0.00156287924569175,0.00175997704785305,0.00156287924569176,0,0,0.00170473971101543,0.00179682868785299,0.00156287924569176,0,0
Phe\_c,0.0030793709240849,0.00368877896337561,0.00307937092408491,0,0,0.00265942273290518,0.002865756513933,0.00307937092408491,0,0
Phe\_x,0.0030793709240849,0.00368877896337561,0.00307937092408491,0,0,0.00265942273290518,0.002865756513933,0.00307937092408491,0,0
Pro\_x,0.0179829981485766,0.021511258699348,0.0179829981485767,0,0,0.0156911825118248,0.019038040071692,0.0179829981485767,0,0
Thr\_x,0.0357096965055054,0.046874811059998,0.0357096965055055,0,0,0.0483941549079933,0.0552975798194006,0.0357096965055055,0,0
Trp\_c,0.00136246625708642,0.00144208691455073,0.00136246625708642,0,0,0.00134079071681031,0.00139836020162249,0.00136246625708642,0,0
Trp\_x,0.00136246625708642,0.00144208691455073,0.00136246625708642,0,0,0.00134079071681031,0.00139836020162249,0.00136246625708642,0,0
Val\_c,0.00316407061496304,0.00424384302667324,0.00316407061496305,0,0,0.00268349964189684,0.00284452610509034,0.00316407061496305,0,0
Val\_x,0.00316407061496304,0.00424384302667324,0.00316407061496305,0,0,0.00268349964189684,0.00284452610509034,0.00316407061496305,0,0
Asn\_h,0.00940379282012778,0.0104354257471577,0.00940379282012782,0,0,0.00753395175629199,0.00944528894663057,0.00940379282012782,0,0
Asn\_m,0.00940379282012778,0.0104354257471577,0.00940379282012782,-3.5527136788005e-15,0,0.00753395175629199,0.00944528894663057,0.00940379282012782,-3.5527136788005e-15,0
Ile\_m,0.00112045357243482,0.00119037752498247,0.00112045357243482,0,0,0.00158305923671441,0.00186552913820996,0.00112045357243482,0,0
Leu\_m,0.000922977847183038,0.00106107361630321,0.000922977847183041,0,0,0.00118133040229805,0.00121299956286954,0.000922977847183041,0,0
Met\_h,0.00156287924569175,0.00175997704785305,0.00156287924569176,0,0,0.00170473971101543,0.00179682868785299,0.00156287924569176,0,0
Met\_m,0.00156287924569175,0.00175997704785305,0.00156287924569176,0,0,0.00170473971101543,0.00179682868785299,0.00156287924569176,0,0
Phe\_m,0.0030793709240849,0.00368877896337561,0.00307937092408491,0,0,0.00265942273290518,0.002865756513933,0.00307937092408491,0,0
Pro\_h,0.0179829981485766,0.021511258699348,0.0179829981485767,0,0,0.0156911825118248,0.019038040071692,0.0179829981485767,0,0
Thr\_m,0.0357096965055054,0.046874811059998,0.0357096965055055,0,0,0.0483941549079933,0.0552975798194006,0.0357096965055055,0,0
Trp\_m,0.00136246625708642,0.00144208691455073,0.00136246625708642,0,0,0.00134079071681031,0.00139836020162249,0.00136246625708642,0,0
Val\_m,0.00316407061496304,0.00424384302667324,0.00316407061496305,0,0,0.00268349964189684,0.00284452610509034,0.00316407061496305,0,0
